index,station_id,street,neighborhood,borough,zip_code
449,3240.0,,,,
954,3036.0,,,Queens County,
959,3633.0,,,,
960,3446.0,,,,
1420,3480.0,,,,
1428,3248.0,,,,
1429,3215.0,,,,
198,160.0,,,,07740
1286,3793.0,Stuyvesant Walk,,Manhattan,10009
218,3139.0,East 70th Street,,Manhattan,10021
1006,3132.0,East 59th Street,,Manhattan,10022
795,3810.0,Central Park Outer Loop,,Manhattan,10024
130,4122.0,Central Park Outer Loop,,Manhattan,10025
174,4124.0,Central Park Outer Loop,,Manhattan,10025
958,3912.0,97th Street Transverse Road,,Manhattan,10025
1114,3295.0,Central Park Outer Loop,,Manhattan,10025
710,3374.0,North Woods,,Manhattan,10026
800,3630.0,West 114th Street,,Manhattan,10026
371,3928.0,Adam Clayton Powell Jr. Boulevard,,Manhattan,10027
1117,3531.0,West 129th Street,,Manhattan,10027
1155,3747.0,East 84th Street,,Manhattan,10028
1187,3145.0,East 83rd Street,,Manhattan,10028
159,4016.0,Adam Clayton Powell Jr. Boulevard,,Manhattan,10030
378,4023.0,Adam Clayton Powell Jr. Boulevard,,Manhattan,10030
398,3959.0,Edgecombe Avenue,,Manhattan,10030
809,3927.0,Malcolm X Boulevard,,Manhattan,10030
872,4002.0,West 144th Street,,Manhattan,10030
1303,3999.0,Adam Clayton Powell Jr. Boulevard,,Manhattan,10030
613,4004.0,West 141st Street,,Manhattan,10031
1383,3981.0,Harlem River Drive Greenway,,Manhattan,10032
1380,4065.0,Wadsworth Avenue,,Manhattan,10033
1392,4066.0,Audubon Avenue,,Manhattan,10033
978,3143.0,5th Avenue,,Manhattan,10035
325,3998.0,Malcolm X Boulevard,,Manhattan,10037
879,4000.0,Malcolm X Boulevard,,Manhattan,10037
154,3953.0,Adam Clayton Powell Jr. Boulevard,,Manhattan,10039
333,4024.0,Macombs Place,,Manhattan,10039
340,4015.0,West 155th Street (surface),,Manhattan,10039
393,4020.0,Bradhurst Avenue,,Manhattan,10039
844,4220.0,Frederick Douglass Boulevard,,Manhattan,10039
917,4041.0,Adam Clayton Powell Jr. Boulevard,,Manhattan,10039
923,4028.0,Frederick Douglass Boulevard,,Manhattan,10039
1395,4001.0,West 146th Street,,Manhattan,10039
908,4067.0,Amsterdam Avenue,,Manhattan,10040
626,3137.0,Terrace Drive,,Manhattan,10065
740,3264.0,East 61st Street,,Manhattan,10065
10,3292.0,Central Park Outer Loop,,Manhattan,10129
1272,3299.0,Central Park Outer Loop,,Manhattan,10129
335,4029.0,Courtlandt Avenue,,The Bronx,10451
336,3963.0,Melrose Avenue,,The Bronx,10451
369,4126.0,East 157th Street,,The Bronx,10451
864,3961.0,Morris Avenue,,The Bronx,10451
874,4208.0,Walton Avenue,,The Bronx,10451
902,4101.0,East 157th Street,,The Bronx,10451
909,4076.0,East 150th Street,,The Bronx,10451
1280,4105.0,Concourse Village West,,The Bronx,10451
1312,4166.0,East 153rd Street,,The Bronx,10451
1337,4198.0,East 161st Street,,The Bronx,10451
1372,4093.0,Grand Concourse,,The Bronx,10451
113,4222.0,River Avenue,,The Bronx,10452
894,4194.0,Plaza Drive,,The Bronx,10452
1370,4102.0,Grand Concourse,,The Bronx,10452
818,3955.0,Saint Mary's Street,,The Bronx,10454
900,3930.0,Alexander Avenue,,The Bronx,10454
913,3958.0,East 143rd Street,,The Bronx,10454
1385,3950.0,East 141st Street,,The Bronx,10454
338,3987.0,Jackson Avenue,,The Bronx,10455
404,3969.0,Saint Ann's Avenue,,The Bronx,10455
827,4132.0,Southern Boulevard,,The Bronx,10455
857,3982.0,Bergen Avenue,,The Bronx,10455
859,4011.0,Jackson Avenue,,The Bronx,10455
906,4186.0,East 149th Street,,The Bronx,10455
1311,3986.0,East 148th Street,,The Bronx,10455
1314,3968.0,East 151st Street,,The Bronx,10455
353,4084.0,Sheridan Avenue,,The Bronx,10456
373,4172.0,Washington Avenue,,The Bronx,10456
426,4249.0,East 170th Street,,The Bronx,10456
427,4308.0,East 170th Street,,The Bronx,10456
897,4150.0,East 170th Street,,The Bronx,10456
1373,4085.0,Grand Concourse,,The Bronx,10456
1405,4107.0,East 170th Street,,The Bronx,10456
387,4201.0,Clay Avenue,,The Bronx,10457
450,4169.0,Morris Avenue,,The Bronx,10457
848,4160.0,Washington Avenue,,The Bronx,10457
873,4168.0,Mount Eden Parkway,,The Bronx,10457
896,4175.0,East 171st Street,,The Bronx,10457
1363,4229.0,Sheridan Avenue,,The Bronx,10457
447,4206.0,Southern Boulevard,,The Bronx,10458
420,4153.0,East 165th Street,,The Bronx,10459
428,4204.0,East 167th Street,,The Bronx,10459
431,4202.0,Dawson Street,,The Bronx,10459
903,4135.0,Westchester Avenue,,The Bronx,10459
927,4148.0,Westchester Avenue,,The Bronx,10459
935,4191.0,Intervale Avenue,,The Bronx,10459
1300,4141.0,Southern Boulevard,,The Bronx,10459
1302,4155.0,East 169th Street,,The Bronx,10459
1339,4134.0,Longwood Avenue,,The Bronx,10459
1360,4245.0,Bruckner Boulevard,,The Bronx,10459
1382,4147.0,East 163rd Street,,The Bronx,10459
1387,4173.0,Longfellow Avenue,,The Bronx,10459
1407,4133.0,Beck Street,,The Bronx,10459
946,4203.0,Westchester Avenue,,The Bronx,10472
424,4154.0,Faile Street,,,10474
59,3125.0,46th Avenue,,Queens,11101
123,3124.0,46th Avenue,,Queens,11101
167,3654.0,31st Street,,Queens,11101
290,3617.0,35th Street,,Queens,11101
485,3121.0,Jackson Avenue,,Queens,11101
532,3620.0,11th Street,,Queens,11101
655,3606.0,49th Avenue,,Queens,11101
788,3561.0,35th Street,,Queens,11101
1038,3570.0,35th Avenue,,Queens,11101
1085,3653.0,31st Street,,Queens,11101
1306,3721.0,31st Street,,Queens,11101
1308,3666.0,32nd Street,,Queens,11101
288,3523.0,24th Avenue,,Queens,11102
524,3516.0,Hoyt Avenue North,,Queens,11102
425,4329.0,35th Street,,Queens,11103
445,4314.0,30th Avenue,,Queens,11103
455,4264.0,Broadway,,Queens,11103
577,3691.0,28th Avenue,,Queens,11103
943,4263.0,30th Avenue,,Queens,11103
945,4256.0,25th Avenue,,Queens,11103
1238,3598.0,31st Avenue,,Queens,11103
1421,4285.0,25th Avenue,,Queens,11103
274,3532.0,Ditmars Boulevard,,Queens,11105
1241,3515.0,24th Avenue,,Queens,11105
432,4302.0,21st Street,,Queens,11106
602,3593.0,31st Street,,Queens,11106
630,3568.0,34th Street,,Queens,11106
668,3595.0,35th Street,,Queens,11106
768,3592.0,Crescent Street,,Queens,11106
1422,4254.0,38th Avenue,,Queens,11106
1430,4327.0,21st Street,,Queens,11106
213,3127.0,Vernon Boulevard,,Queens,11109
1067,261.0,Johnson Street,,Brooklyn,11201
145,3822.0,Bushwick Avenue,,Brooklyn,11206
215,3061.0,Throop Avenue,,Brooklyn,11206
301,3823.0,Beaver Street,,Brooklyn,11206
365,3769.0,Boerum Street,,Brooklyn,11206
368,3821.0,Evergreen Avenue,,Brooklyn,11206
537,3043.0,Lewis Avenue,,Brooklyn,11206
624,3072.0,Boerum Street,,Brooklyn,11206
628,3074.0,Johnson Avenue,,Brooklyn,11206
711,3071.0,Boerum Street,,Brooklyn,11206
724,3070.0,McKibbin Street,,Brooklyn,11206
754,3179.0,Park Avenue,,Brooklyn,11206
812,3870.0,Melrose Street,,Brooklyn,11206
813,3764.0,McKibbin Street,,Brooklyn,11206
823,3756.0,Moore Street,,Brooklyn,11206
953,3636.0,Johnson Avenue,,Brooklyn,11206
1055,3076.0,Scholes Street,,Brooklyn,11206
1083,3081.0,Graham Avenue,,Brooklyn,11206
1108,3757.0,Stagg Street,,Brooklyn,11206
1254,3771.0,McKibbin Street,,Brooklyn,11206
1268,3770.0,Central Avenue,,Brooklyn,11206
1333,3907.0,Central Avenue,,Brooklyn,11206
132,3083.0,Bushwick Avenue,,Brooklyn,11207
322,3864.0,Covert Street,,Brooklyn,11207
342,3829.0,Decatur Street,,Brooklyn,11207
377,3828.0,Eldert Street,,Brooklyn,11207
620,3067.0,Broadway,,Brooklyn,11207
631,3826.0,Moffat Street,,Brooklyn,11207
1172,389.0,Broadway,,Brooklyn,11207
1287,3830.0,Halsey Street,,Brooklyn,11207
1386,3866.0,Wilson Avenue,,Brooklyn,11207
13,481.0,South 3rd Street,,Brooklyn,11211
66,3078.0,South 8th Street,,Brooklyn,11211
77,3080.0,South 4th Street,,Brooklyn,11211
78,3077.0,Hewes Street,,Brooklyn,11211
214,3084.0,Devoe Street,,Brooklyn,11211
223,3088.0,Union Avenue,,Brooklyn,11211
294,3816.0,Metropolitan Avenue,,Brooklyn,11211
297,3772.0,Devoe Street,,Brooklyn,11211
334,3817.0,Withers Street,,Brooklyn,11211
526,3086.0,Graham Avenue,,Brooklyn,11211
582,3065.0,Union Avenue,,Brooklyn,11211
596,3765.0,Grand Street,,Brooklyn,11211
610,3087.0,Metropolitan Avenue,,Brooklyn,11211
733,3082.0,Hope Street,,Brooklyn,11211
847,3855.0,Frost Street,,Brooklyn,11211
965,3068.0,Humboldt Street,,Brooklyn,11211
982,460.0,South 4th Street,,Brooklyn,11211
995,3093.0,North 4th Street,,Brooklyn,11211
1012,471.0,Grand Street,,Brooklyn,11211
1096,3766.0,Sharon Street,,Brooklyn,11211
1149,3854.0,Morgan Avenue,,Brooklyn,11211
1159,3714.0,Harrison Avenue,,Brooklyn,11211
1198,3103.0,North 11th Street,,Brooklyn,11211
1225,3452.0,Bayard Street,,Brooklyn,11211
1227,3453.0,Devoe Street,,Brooklyn,11211
1270,3768.0,Grand Street,,Brooklyn,11211
1290,3715.0,North 9th Street,,Brooklyn,11211
1325,3767.0,Powers Street,,Brooklyn,11211
782,3594.0,Montgomery Street,,Brooklyn,11213
115,3300.0,Prospect Park West,,Brooklyn,11215
127,3373.0,3rd Street,,Brooklyn,11215
736,3324.0,3rd Avenue,,Brooklyn,11215
1010,3354.0,Prospect Park West,,Brooklyn,11215
1147,3762.0,3rd Avenue,,Brooklyn,11215
230,3044.0,Albany Avenue,,Brooklyn,11216
235,3053.0,Lafayette Avenue,,Brooklyn,11216
304,3571.0,Bedford Avenue,,Brooklyn,11216
591,3046.0,Marcus Garvey Boulevard,,Brooklyn,11216
622,3066.0,Tompkins Avenue,,Brooklyn,11216
731,3056.0,Kosciuszko Street,,Brooklyn,11216
1046,3579.0,Sterling Place,,Brooklyn,11216
52,3059.0,Pulaski Street,,Brooklyn,11221
171,3058.0,Kosciuszko Street,,Brooklyn,11221
177,3846.0,Himrod Street,,Brooklyn,11221
224,3069.0,Throop Avenue,,Brooklyn,11221
328,3820.0,Willoughby Avenue,,Brooklyn,11221
341,3869.0,Van Buren Street,,Brooklyn,11221
382,3847.0,Cedar Street,,Brooklyn,11221
400,3903.0,Jefferson Avenue,,Brooklyn,11221
606,3848.0,Suydam Street,,Brooklyn,11221
709,3057.0,Kosciuszko Street,,Brooklyn,11221
810,3833.0,Madison Street,,Brooklyn,11221
826,3776.0,Central Avenue,,Brooklyn,11221
829,3890.0,Broadway,,Brooklyn,11221
831,3879.0,Broadway,,Brooklyn,11221
878,3835.0,Knickerbocker Avenue,,Brooklyn,11221
1139,3052.0,Lewis Avenue,,Brooklyn,11221
1154,3060.0,Willoughby Avenue,,Brooklyn,11221
1266,3842.0,Bushwick Avenue,,Brooklyn,11221
1269,3836.0,Bushwick Avenue,,Brooklyn,11221
1283,3761.0,Cedar Street,,Brooklyn,11221
1284,3837.0,Kosciuszko Street,,Brooklyn,11221
1285,3841.0,Menahan Street,,Brooklyn,11221
1298,3832.0,Central Avenue,,Brooklyn,11221
1316,3838.0,Bushwick Avenue,,Brooklyn,11221
1323,3863.0,Central Avenue,,Brooklyn,11221
44,3113.0,Greenpoint Avenue,,Brooklyn,11222
237,3116.0,Huron Street,,Brooklyn,11222
245,3114.0,India Street,,Brooklyn,11222
295,3900.0,Morgan Avenue,,Brooklyn,11222
314,3856.0,Kingsland Avenue,,Brooklyn,11222
339,3727.0,Meeker Avenue,,Brooklyn,11222
707,3115.0,India Street,,Brooklyn,11222
751,3091.0,Meeker Avenue,,Brooklyn,11222
1027,3118.0,McGuinness Boulevard,,Brooklyn,11222
1228,3469.0,Java Street,,Brooklyn,11222
1335,3819.0,McGuinness Boulevard,,Brooklyn,11222
1358,3858.0,Kent Street,,Brooklyn,11222
151,3590.0,Franklin Avenue,,Brooklyn,11225
556,3599.0,Franklin Avenue,,Brooklyn,11225
1123,3661.0,Montgomery Street,,Brooklyn,11225
1234,3585.0,Bedford Avenue,,Brooklyn,11225
1265,3587.0,Carroll Street,,Brooklyn,11225
1419,3685.0,Hill Drive,,Brooklyn,11225
185,322.0,Clinton Street,,Brooklyn,11231
270,3340.0,Wolcott Street,,Brooklyn,11231
752,3401.0,2nd Avenue,,Brooklyn,11231
899,4225.0,Clinton Street,,Brooklyn,11231
951,3252.0,Wolcott Street,,Brooklyn,11231
1236,3333.0,Columbia Street,,Brooklyn,11231
1239,3326.0,Clinton Street,,Brooklyn,11231
315,3827.0,Halsey Street,,Brooklyn,11233
1101,436.0,Hancock Street,,Brooklyn,11233
1222,3047.0,Halsey Street,,Brooklyn,11233
219,3063.0,Nostrand Avenue,,Brooklyn,11235
82,3775.0,Suydam Street,,Brooklyn,11237
161,3834.0,Irving Avenue,,Brooklyn,11237
313,3778.0,Irving Avenue,,Brooklyn,11237
346,3779.0,Hart Street,,Brooklyn,11237
362,3891.0,Palmetto Street,,Brooklyn,11237
540,3860.0,Wilson Avenue,,Brooklyn,11237
618,3850.0,Johnson Avenue,,Brooklyn,11237
834,3843.0,Myrtle Avenue,,Brooklyn,11237
835,3763.0,Jefferson Street,,Brooklyn,11237
836,3853.0,Harrison Place,,Brooklyn,11237
849,3845.0,Irving Avenue,,Brooklyn,11237
1050,3064.0,Myrtle Avenue,,Brooklyn,11237
1065,3758.0,George Street,,Brooklyn,11237
1075,3760.0,Willoughby Avenue,,Brooklyn,11237
1103,3781.0,Greene Avenue,,Brooklyn,11237
1145,3868.0,Knickerbocker Avenue,,Brooklyn,11237
1146,3774.0,Knickerbocker Avenue,,Brooklyn,11237
1276,3773.0,Knickerbocker Avenue,,Brooklyn,11237
1293,3844.0,Harrison Place,,Brooklyn,11237
1296,3839.0,Putnam Avenue,,Brooklyn,11237
1299,3852.0,Johnson Avenue,,Brooklyn,11237
1304,3849.0,Suydam Street,,Brooklyn,11237
1318,3861.0,Menahan Street,,Brooklyn,11237
1330,3759.0,Jefferson Street,,Brooklyn,11237
1425,3266.0,Johnson Avenue,,Brooklyn,11237
767,3569.0,Franklin Avenue,,Brooklyn,11238
842,3673.0,Dean Street,,Brooklyn,11238
35,3090.0,North 8th Street,,Brooklyn,11249
43,2002.0,North 1st Street,,Brooklyn,11249
103,532.0,South 5th Place,,Brooklyn,11249
137,3016.0,North 6th Street,,Brooklyn,11249
220,3101.0,North 11th Street,,Brooklyn,11249
501,3085.0,Conners Square,,Brooklyn,11249
528,3092.0,Berry Street,,Brooklyn,11249
587,443.0,Bedford Avenue,,Brooklyn,11249
727,3073.0,Division Avenue,,Brooklyn,11249
1195,3075.0,Brooklyn-Queens Expressway,,Brooklyn,11249
11,144.0,Navy Street,,Brooklyn,11251
183,2001.0,Sands Street,,Brooklyn,11251
303,3787.0,,,Brooklyn,11251
660,3913.0,Sands Street,,Brooklyn,11251
700,2005.0,Railroad Avenue,,Brooklyn,11251
1391,3692.0,5th Street,,Brooklyn,11251
136,3602.0,31st Avenue,,Queens,11369
461,4319.0,31st Avenue,,Queens,11369
875,3662.0,31st Avenue,,Queens,11369
947,4271.0,31st Avenue,,Queens,11369
454,4269.0,Broadway,,Queens,11373
957,4318.0,Broadway,,Queens,11373
440,4266.0,50th Street,,Queens,11377
456,4317.0,Hobart Street,,Queens,11377
956,4267.0,Bulova Avenue,,Queens,11377
1426,4265.0,49th Street,,Queens,11377
399,3851.0,Metropolitan Avenue,,Brooklyn,11415
264,3394.0,Columbia Street,,Brooklyn,112321
100,3163.0,Central Park Outer Loop,,Manhattan,10023-5104
541,3165.0,Central Park Outer Loop,,Manhattan,10023-5104
645,3160.0,Central Park Outer Loop,,Manhattan,10023-5104
784,3257.0,72nd Street Transverse,,Manhattan,10023-5104
64,3341.0,Central Park Outer Loop,,Manhattan,10025-4403
665,4125.0,East 161st Street,,The Bronx,10451:10455
904,4090.0,Grand Concourse,,The Bronx,10451:10455
84,3263.0,Lafayette Street,NoHo,Manhattan,10003
503,293.0,Astor Place,NoHo,Manhattan,10003
494,229.0,Great Jones Street,NoHo,Manhattan,10012
962,128.0,MacDougal Street,SoHo,Manhattan,10012
124,268.0,Canal Street,SoHo,Manhattan,10013
0,278.0,Concord Street,DUMBO,Brooklyn,11201
60,321.0,Cadman Plaza East,DUMBO,Brooklyn,11201
146,3782.0,Furman Street,DUMBO,Brooklyn,11201
195,430.0,York Street,DUMBO,Brooklyn,11201
568,3180.0,Furman Street,DUMBO,Brooklyn,11201
696,418.0,Front Street,DUMBO,Brooklyn,11201
698,407.0,Cadman Plaza West,DUMBO,Brooklyn,11201
111,3674.0,Brooklyn-Queens Expressway,DUMBO,Brooklyn,11201-1832
510,2000.0,Brooklyn Bridge,DUMBO,Brooklyn,11201-1832
567,414.0,Brooklyn Bridge,DUMBO,Brooklyn,11201-1832
799,3804.0,Brooklyn Bridge,DUMBO,Brooklyn,11201-1832
1044,217.0,Old Fulton Street,DUMBO,Brooklyn,11201-1832
244,3614.0,Crescent Street,Astoria,Queens,11102
372,3811.0,27th Avenue,Astoria,Queens,11102
442,4312.0,Shore Boulevard,Astoria,Queens,11102
764,3514.0,Shore Tower Path,Astoria,Queens,11102
934,4309.0,18th Street,Astoria,Queens,11102
993,3621.0,27th Avenue,Astoria,Queens,11102
1232,3612.0,14th Street,Astoria,Queens,11102
1348,4311.0,8th Street,Astoria,Queens,11102
1376,3512.0,27th Avenue,Astoria,Queens,11102
770,3524.0,19th Street,Astoria,Queens,11105
40,3619.0,23rd Street,Astoria,Queens,11106
232,3609.0,Vernon Boulevard,Astoria,Queens,11106
259,3607.0,31st Avenue,Astoria,Queens,11106
786,3513.0,21st Street,Astoria,Queens,11106
1039,3610.0,Vernon Boulevard,Astoria,Queens,11106
1135,3591.0,31st Drive,Astoria,Queens,11106
1361,4330.0,31st Road,Astoria,Queens,11106
149,3603.0,31st Avenue,Astoria,Queens,11369
279,3605.0,31st Avenue,Astoria,Queens,11369
286,3589.0,Broadway,Astoria,Queens,11373
42,3258.0,West 27th Drive,Chelsea,Manhattan,10001
525,489.0,West 27th Drive,Chelsea,Manhattan,10001
675,512.0,West 29th Street,Chelsea,Manhattan,10001
706,3017.0,8th Avenue,Chelsea,Manhattan,10001
1061,490.0,8th Avenue,Chelsea,Manhattan,10001
647,116.0,West 17th Street,Chelsea,Manhattan,10011
801,3658.0,West 18th Street,Chelsea,Manhattan,10011
815,3709.0,West 15th Street,Chelsea,Manhattan,10011
1130,494.0,8th Avenue,Chelsea,Manhattan,10011
1137,3659.0,West 17th Street,Chelsea,Manhattan,10011
162,3894.0,8th Avenue,Chelsea,Manhattan,10017
588,3428.0,8th Avenue,Chelsea,Manhattan,10017
239,3407.0,Union Street,Gowanus,Brooklyn,11215
70,3720.0,Wyckoff Street,Gowanus,Brooklyn,11217
558,3421.0,Hoyt Street,Gowanus,Brooklyn,11217
1100,3420.0,Douglass Street,Gowanus,Brooklyn,11217
1189,3332.0,Degraw Street,Gowanus,Brooklyn,11217
584,3377.0,Bond Street,Gowanus,Brooklyn,11231
855,3975.0,East 157th Street,Melrose,The Bronx,10451
883,4078.0,Concourse Village East,Melrose,The Bronx,10451
890,3972.0,East 158th Street,Melrose,The Bronx,10451
1378,4094.0,Park Avenue,Melrose,The Bronx,10451
1409,4030.0,Courtlandt Avenue,Melrose,The Bronx,10451
298,3976.0,3rd Avenue,Melrose,The Bronx,10455
355,3977.0,Prospect Avenue,Melrose,The Bronx,10455
375,3965.0,Eagle Avenue,Melrose,The Bronx,10455
415,4032.0,East 155th Street,Melrose,The Bronx,10455
920,3970.0,Melrose Avenue,Melrose,The Bronx,10455
326,3985.0,East 160th Street,Melrose,The Bronx,10456
386,4079.0,Grant Avenue,Melrose,The Bronx,10456
392,4031.0,Cauldwell Avenue,Melrose,The Bronx,10456
408,4207.0,Sherman Avenue,Melrose,The Bronx,10456
820,4165.0,East 165th Street,Melrose,The Bronx,10456
841,4137.0,3rd Avenue,Melrose,The Bronx,10456
922,4128.0,College Avenue,Melrose,The Bronx,10456
1354,3978.0,Cauldwell Avenue,Melrose,The Bronx,10456
1365,4332.0,East 163rd Street,Melrose,The Bronx,10456
1377,4170.0,East 166th Street,Melrose,The Bronx,10456
1399,4130.0,Morris Avenue,Melrose,The Bronx,10456
416,4136.0,,Melrose,The Bronx,10455-1201
933,3983.0,East 156th Street,Melrose,The Bronx,10455-1201
1390,4190.0,Walton Avenue,Tremont,The Bronx,10452
1415,4200.0,East 174th Street,Tremont,The Bronx,10452
898,4167.0,Grand Concourse,Tremont,The Bronx,10453
348,4108.0,Clay Avenue,Tremont,The Bronx,10457
1116,257.0,Broadway,Tribeca,Manhattan,10003
1115,328.0,Watts Street,Tribeca,Manhattan,10005
203,152.0,Warren Street,Tribeca,Manhattan,10007
484,276.0,Duane Street,Tribeca,Manhattan,10007
551,3461.0,Murray Street,Tribeca,Manhattan,10007
1040,417.0,Barclay Street,Tribeca,Manhattan,10007
181,320.0,Worth Street,Tribeca,Manhattan,10013
186,146.0,Chambers Street,Tribeca,Manhattan,10013
671,329.0,North Moore Street,Tribeca,Manhattan,10013
716,3436.0,Hubert Street,Tribeca,Manhattan,10013
1105,248.0,Laight Street,Tribeca,Manhattan,10013
1142,3664.0,North Moore Street,Tribeca,Manhattan,10013
1175,249.0,Harrison Street,Tribeca,Manhattan,10013
1262,3690.0,Church Street,Tribeca,Manhattan,10013
527,79.0,Varick Street,Tribeca,Manhattan,10014
1167,147.0,Greenwich Street,Tribeca,Manhattan,10014
988,309.0,Murray Street,Tribeca,Manhattan,10282
1073,3707.0,Lexington Avenue,Kips Bay,Manhattan,10010
1125,507.0,2nd Avenue,Kips Bay,Manhattan,10010
50,476.0,3rd Avenue,Kips Bay,Manhattan,10016
57,528.0,East 31st Street,Kips Bay,Manhattan,10016
101,527.0,East 33rd Street,Kips Bay,Manhattan,10016
170,3687.0,East 33rd Street,Kips Bay,Manhattan,10016
517,2012.0,1st Avenue,Kips Bay,Manhattan,10016
1035,536.0,1st Avenue,Kips Bay,Manhattan,10016
56,540.0,Lexington Avenue,Kips Bay,Manhattan,10037
641,537.0,Lexington Avenue,Kips Bay,Manhattan,10037
226,3348.0,Coffey Street,Red Hook,Brooklyn,11231
252,3344.0,Pioneer Street,Red Hook,Brooklyn,11231
282,3395.0,West 9th Street,Red Hook,Brooklyn,11231
738,3330.0,Henry Street,Red Hook,Brooklyn,11231
761,3393.0,Richards Street,Red Hook,Brooklyn,11231
774,3337.0,Dwight Street,Red Hook,Brooklyn,11231
921,3669.0,Henry Street,Red Hook,Brooklyn,11231
1210,3353.0,Reed Street,Red Hook,Brooklyn,11231
1231,3644.0,Van Dyke Street,Red Hook,Brooklyn,11231
730,3342.0,,Red Hook,Brooklyn,112321
807,3676.0,Van Brunt Street,Red Hook,Brooklyn,112321
1197,3347.0,Van Brunt Street,Red Hook,Brooklyn,112321
1224,3352.0,Columbia Street,Red Hook,Brooklyn,112321
433,4320.0,31st Street,Steinway,Queens,11101
458,4288.0,Steinway Street,Steinway,Queens,11101
459,4287.0,Steinway Street,Steinway,Queens,11101
460,4289.0,31st Street,Steinway,Queens,11101
865,4306.0,35th Street,Steinway,Queens,11101
1221,3517.0,31st Street,Steinway,Queens,11101
1240,3522.0,37th Street,Steinway,Queens,11101
511,3530.0,Crescent Street,Steinway,Queens,11102
269,3616.0,Steinway Street,Steinway,Queens,11103
384,4303.0,Steinway Street,Steinway,Queens,11103
617,3600.0,Steinway Street,Steinway,Queens,11103
71,3528.0,Steinway Street,Steinway,Queens,11105
451,4260.0,43rd Street,Steinway,Queens,11105
452,4261.0,36th Street,Steinway,Queens,11105
854,3525.0,23rd Avenue,Steinway,Queens,11105
941,4275.0,21st Avenue,Steinway,Queens,11105
1219,3526.0,31st Street,Steinway,Queens,11105
439,4272.0,Ditmars Boulevard,Steinway,Queens,11370
463,4321.0,21st Avenue,Steinway,Queens,11370
1427,4273.0,Ditmars Boulevard,Steinway,Queens,11370
940,4270.0,62nd Street,Woodside,Queens,11377
33,361.0,Allen Street,Chinatown,Manhattan,10002
80,412.0,Canal Street,Chinatown,Manhattan,10002
1152,355.0,Bayard Street,Chinatown,Manhattan,10013
1102,526.0,West 32nd Street,Koreatown,Manhattan,10001
850,3865.0,Cooper Street,Ridgewood,Brooklyn,11207
160,3777.0,Stockholm Street,Ridgewood,Brooklyn,11221
846,3831.0,Hancock Street,Ridgewood,Brooklyn,11221
318,3862.0,Linden Street,Ridgewood,Brooklyn,11237
319,3895.0,Cypress Avenue,Ridgewood,Queens,11237
654,3780.0,Stockholm Street,Ridgewood,Brooklyn,11237
1317,3840.0,Putnam Avenue,Ridgewood,Brooklyn,11237
1329,3901.0,Stanhope Street,Ridgewood,Queens,11237
1332,3910.0,Greene Avenue,Ridgewood,Queens,11237
107,3909.0,Woodbine Street,Ridgewood,Queens,11385
131,3882.0,Wyckoff Avenue,Ridgewood,Queens,11385
331,3902.0,Fairview Avenue,Ridgewood,Queens,11385
356,3875.0,Stephen Street,Ridgewood,Queens,11385
357,3880.0,Willoughby Avenue,Ridgewood,Queens,11385
361,3896.0,Madison Street,Ridgewood,Queens,11385
381,3885.0,Onderdonk Avenue,Ridgewood,Queens,11385
390,3897.0,Onderdonk Avenue,Ridgewood,Queens,11385
402,3878.0,Cypress Avenue,Ridgewood,Queens,11385
403,3884.0,Centre Street,Ridgewood,Queens,11385
828,3873.0,Madison Street,Ridgewood,Queens,11385
860,3883.0,Harman Street,Ridgewood,Queens,11385
863,3886.0,Menahan Street,Ridgewood,Queens,11385
881,3887.0,Woodward Avenue,Ridgewood,Queens,11385
884,3872.0,Wyckoff Avenue,Ridgewood,Queens,11385
1043,3876.0,Summerfield Street,Ridgewood,Queens,11385
1260,3874.0,Menahan Street,Ridgewood,Queens,11385
1292,3877.0,Madison Street,Ridgewood,Queens,11385
1338,3888.0,Woodward Avenue,Ridgewood,Queens,11385
535,546.0,East 28th Street,Rose Hill,Manhattan,10016
892,4111.0,East 27th Street,Rose Hill,Manhattan,10001-7604
1054,487.0,,Stuy Town,Manhattan,
516,545.0,East 23rd Street,Stuy Town,Manhattan,10010
746,3123.0,Thomson Avenue,Sunnyside,Queens,11101
843,3704.0,47th Avenue,Sunnyside,Queens,11101
1211,3221.0,47th Avenue,Sunnyside,Queens,11101
1271,3647.0,30th Street,Sunnyside,Queens,11101
757,3318.0,2nd Avenue,Yorkville,Manhattan,10128
120,3456.0,Leonard Street,Greenpoint,Brooklyn,11211
225,3095.0,Meeker Avenue,Greenpoint,Brooklyn,11211
229,3096.0,Union Avenue,Greenpoint,Brooklyn,11211
542,3102.0,Driggs Avenue,Greenpoint,Brooklyn,11211
1066,3094.0,Graham Avenue,Greenpoint,Brooklyn,11211
1216,3089.0,Leonard Street,Greenpoint,Brooklyn,11211
41,3430.0,Richardson Street,Greenpoint,Brooklyn,11222
61,3110.0,Meserole Avenue,Greenpoint,Brooklyn,11222
117,3112.0,West Street,Greenpoint,Brooklyn,11222
238,3097.0,North Henry Street,Greenpoint,Brooklyn,11222
247,3098.0,Leonard Street,Greenpoint,Brooklyn,11222
273,3454.0,Leonard Street,Greenpoint,Brooklyn,11222
306,3859.0,Lorimer Street,Greenpoint,Brooklyn,11222
627,3106.0,Russell Street,Greenpoint,Brooklyn,11222
651,3109.0,Banker Street,Greenpoint,Brooklyn,11222
659,3108.0,Russell Street,Greenpoint,Brooklyn,11222
723,3079.0,Leonard Street,Greenpoint,Brooklyn,11222
729,3100.0,Nassau Avenue,Greenpoint,Brooklyn,11222
817,3818.0,Calyer Street,Greenpoint,Brooklyn,11222
830,3857.0,Engert Avenue,Greenpoint,Brooklyn,11222
1097,3105.0,North 15th Street,Greenpoint,Brooklyn,11222
1118,3107.0,Bedford Avenue,Greenpoint,Brooklyn,11222
1180,3111.0,Norman Avenue,Greenpoint,Brooklyn,11222
1223,3099.0,Leonard Street,Greenpoint,Brooklyn,11222
1235,3476.0,Norman Avenue,Greenpoint,Brooklyn,11222
1243,3449.0,Eckford Street,Greenpoint,Brooklyn,11222
1257,3668.0,Nassau Avenue,Greenpoint,Brooklyn,11222
1279,3899.0,Manhattan Avenue,Greenpoint,Brooklyn,11222
317,3693.0,North 11th Street,Greenpoint,Brooklyn,11249
604,282.0,Kent Avenue,Greenpoint,Brooklyn,11249
734,3014.0,Kent Avenue,Greenpoint,Brooklyn,11249
1029,539.0,Bedford Avenue,Greenpoint,Brooklyn,11249
1184,3104.0,Kent Avenue,Greenpoint,Brooklyn,11249
26,3135.0,East 75th Street,Lenox Hill,Manhattan,10021
53,3372.0,East 74th Street,Lenox Hill,Manhattan,10021
704,3156.0,York Avenue,Lenox Hill,Manhattan,10021
776,3447.0,East 71st Street,Lenox Hill,Manhattan,10021
1209,3378.0,East 75th Street,Lenox Hill,Manhattan,10021
1213,3133.0,Park Avenue,Lenox Hill,Manhattan,10037
389,4171.0,Boston Road,Morrisania,The Bronx,10456
411,4099.0,East 169th Street,Morrisania,The Bronx,10456
866,4195.0,East 167th Street,Morrisania,The Bronx,10456
871,4152.0,Fulton Avenue,Morrisania,The Bronx,10456
876,4189.0,Grant Avenue,Morrisania,The Bronx,10456
886,4212.0,Fulton Avenue,Morrisania,The Bronx,10456
893,4138.0,Franklin Avenue,Morrisania,The Bronx,10456
926,4139.0,Tinton Avenue,Morrisania,The Bronx,10456
928,4151.0,3rd Avenue,Morrisania,The Bronx,10456
1310,4156.0,Saint Pauls Place,Morrisania,The Bronx,10456
1334,4174.0,3rd Avenue,Morrisania,The Bronx,10456
1398,4149.0,East 167th Street,Morrisania,The Bronx,10456
418,4211.0,Union Avenue,Morrisania,The Bronx,10459
912,4192.0,East 167th Street,Morrisania,The Bronx,10459
1353,4140.0,Union Avenue,Morrisania,The Bronx,10459
330,3925.0,East 138th Street,Mott Haven,The Bronx,10451
869,3933.0,Gerard Avenue,Mott Haven,The Bronx,10451
1341,3932.0,Grand Concourse,Mott Haven,The Bronx,10451
1362,3931.0,East 142nd Street,Mott Haven,The Bronx,10451
358,3949.0,Brook Avenue,Mott Haven,The Bronx,10454
374,3929.0,Willis Avenue,Mott Haven,The Bronx,10454
880,3989.0,Willis Avenue,Mott Haven,The Bronx,10454
901,3956.0,East 144th Street,Mott Haven,The Bronx,10454
1324,4021.0,East 138th Street,Mott Haven,The Bronx,10454
1328,3923.0,Lincoln Avenue,Mott Haven,The Bronx,10454
1368,3937.0,East 135th Street,Mott Haven,The Bronx,10454
1384,3957.0,East 144th Street,Mott Haven,The Bronx,10454
1388,3922.0,Alexander Avenue,Mott Haven,The Bronx,10454
1389,4019.0,Saint Ann's Avenue,Mott Haven,The Bronx,10454
907,3964.0,Brook Avenue,Mott Haven,The Bronx,10455
1277,4006.0,Bergen Avenue,Mott Haven,The Bronx,10455
309,3921.0,Willis Avenue,Mott Haven,The Bronx,10454-4606
324,3924.0,,Mott Haven,The Bronx,10037:10454
240,3254.0,Andes Road,Nolan Park,Manhattan,10004
717,3181.0,Andes Road,Nolan Park,Manhattan,10004
777,3479.0,Craig Road South,Nolan Park,Manhattan,10004
1127,3182.0,Craig Road South,Nolan Park,Manhattan,112321
150,3825.0,Broadway,Ocean Hill,Brooklyn,11207
321,3893.0,Rockaway Avenue,Ocean Hill,Brooklyn,11236
99,3414.0,Bergen Street,Park Slope,Brooklyn,11213
482,467.0,Dean Street,Park Slope,Brooklyn,11213
48,3358.0,Garfield Place,Park Slope,Brooklyn,11215
169,3313.0,6th Avenue,Park Slope,Brooklyn,11215
236,3404.0,7th Street,Park Slope,Brooklyn,11215
246,3306.0,10th Street,Park Slope,Brooklyn,11215
249,3319.0,15th Street,Park Slope,Brooklyn,11215
464,3672.0,13th Street,Park Slope,Brooklyn,11215
543,3335.0,Union Street,Park Slope,Brooklyn,11215
603,3423.0,Prospect Park West,Park Slope,Brooklyn,11215
634,3297.0,7th Avenue,Park Slope,Brooklyn,11215
644,3346.0,Union Street,Park Slope,Brooklyn,11215
661,3368.0,3rd Street,Park Slope,Brooklyn,11215
726,3304.0,6th Avenue,Park Slope,Brooklyn,11215
735,3399.0,7th Street,Park Slope,Brooklyn,11215
749,3405.0,5th Street,Park Slope,Brooklyn,11215
758,3371.0,4th Avenue,Park Slope,Brooklyn,11215
769,3317.0,10th Street,Park Slope,Brooklyn,11215
885,3795.0,10th Street,Park Slope,Brooklyn,11215
1015,3361.0,Carroll Street,Park Slope,Brooklyn,11215
1068,3310.0,14th Street,Park Slope,Brooklyn,11215
1074,3365.0,3rd Street,Park Slope,Brooklyn,11215
1098,3322.0,4th Avenue,Park Slope,Brooklyn,11215
1196,3364.0,Carroll Street,Park Slope,Brooklyn,11215
1201,3403.0,4th Avenue,Park Slope,Brooklyn,11215
1424,3470.0,13th Street,Park Slope,Brooklyn,11215
69,3349.0,Plaza Street West,Park Slope,Brooklyn,11217
332,3663.0,Sterling Place,Park Slope,Brooklyn,11217
721,3417.0,Butler Street,Park Slope,Brooklyn,11217
750,3415.0,Prospect Place,Park Slope,Brooklyn,11217
1000,3416.0,7th Avenue,Park Slope,Brooklyn,11217
1092,3419.0,Douglass Street,Park Slope,Brooklyn,11217
1205,3339.0,Berkeley Place,Park Slope,Brooklyn,11217
135,3418.0,Plaza Street West,Park Slope,Brooklyn,11238
148,3565.0,37th Avenue,Ravenswood,Queens,11101
172,3892.0,38th Avenue,Ravenswood,Queens,11101
284,3586.0,34th Avenue,Ravenswood,Queens,11101
345,3646.0,35th Avenue,Ravenswood,Queens,11101
443,4304.0,34th Avenue,Ravenswood,Queens,11101
448,4310.0,24th Street,Ravenswood,Queens,11101
544,3577.0,34th Avenue,Ravenswood,Queens,11101
792,3559.0,21st Street,Ravenswood,Queens,11101
1331,3716.0,Crescent Street,Ravenswood,Queens,11101
748,3588.0,33rd Road,Ravenswood,Queens,11106
771,3564.0,21st Street,Ravenswood,Queens,11106
775,3566.0,Crescent Street,Ravenswood,Queens,11106
821,3745.0,36th Avenue,Ravenswood,Queens,11106
1273,3575.0,Crescent Street,Ravenswood,Queens,11106
1173,367.0,,Turtle Bay,Manhattan,
201,164.0,East 47th Street,Turtle Bay,Manhattan,10017
487,2017.0,East 43rd Street,Turtle Bay,Manhattan,10017
564,3462.0,East 44th Street,Turtle Bay,Manhattan,10017
911,4240.0,East 44th Street,Turtle Bay,Manhattan,10017
994,440.0,3rd Avenue,Turtle Bay,Manhattan,10017
1177,228.0,East 48th Street,Turtle Bay,Manhattan,10017
79,441.0,East 52nd Street,Turtle Bay,Manhattan,10022
401,3688.0,2nd Avenue,Turtle Bay,Manhattan,10022
515,454.0,East 51st Street,Turtle Bay,Manhattan,10022
674,522.0,East 51st Street,Turtle Bay,Manhattan,10022
816,3815.0,East 51st Street,Turtle Bay,Manhattan,10022
142,3459.0,3rd Avenue,Turtle Bay,Manhattan,10035
102,456.0,East 53rd Street,Turtle Bay,Manhattan,10055
23,455.0,1st Avenue Tunnel,Turtle Bay,Manhattan,10017-6927
571,516.0,Dag Hammarskjold Plaza,Turtle Bay,Manhattan,10017-6927
192,310.0,Boerum Place,Boerum Hill,Brooklyn,11201
62,3409.0,Bergen Street,Boerum Hill,Brooklyn,11213
83,3413.0,Wyckoff Street,Boerum Hill,Brooklyn,11217
95,3486.0,State Street,Boerum Hill,Brooklyn,11217
302,3911.0,Wyckoff Street,Boerum Hill,Brooklyn,11217
753,3410.0,Dean Street,Boerum Hill,Brooklyn,11217
984,3412.0,Pacific Street,Boerum Hill,Brooklyn,11217
1179,395.0,Schermerhorn Street,Boerum Hill,Brooklyn,11217
1212,3411.0,Bond Street,Boerum Hill,Brooklyn,11217
725,3384.0,Smith Street,Boerum Hill,Brooklyn,11231
599,314.0,Montague Street,Cobble Hill,Brooklyn,11201
745,3246.0,Montague Street,Cobble Hill,Brooklyn,11201
1089,3303.0,Butler Street,Cobble Hill,Brooklyn,11231
1144,3440.0,Court Street,Cobble Hill,Brooklyn,11231
1258,3628.0,West 117th Street,East Harlem,Manhattan,10026
250,3338.0,2nd Avenue,East Harlem,Manhattan,10028
96,3363.0,East 102nd Street,East Harlem,Manhattan,10029
118,3494.0,East 115th Street,East Harlem,Manhattan,10029
141,3425.0,East 103rd Street,East Harlem,Manhattan,10029
228,3379.0,East 103rd Street,East Harlem,Manhattan,10029
231,3387.0,East 106th Street,East Harlem,Manhattan,10029
251,3496.0,1st Avenue,East Harlem,Manhattan,10029
266,3327.0,3rd Avenue,East Harlem,Manhattan,10029
278,3490.0,2nd Avenue,East Harlem,Manhattan,10029
559,3642.0,East 98th Street,East Harlem,Manhattan,10029
652,3367.0,East 101st Street,East Harlem,Manhattan,10029
662,3400.0,East 110th Street,East Harlem,Manhattan,10029
778,3495.0,East 114th Street,East Harlem,Manhattan,10029
783,3551.0,3rd Avenue,East Harlem,Manhattan,10029
791,3500.0,East 115th Street,East Harlem,Manhattan,10029
961,3385.0,2nd Avenue,East Harlem,Manhattan,10029
1082,3424.0,East 106th Street,East Harlem,Manhattan,10029
1199,3390.0,East 109th Street,East Harlem,Manhattan,10029
1206,3351.0,East 102nd Street,East Harlem,Manhattan,10029
1208,3345.0,East 97th Street,East Harlem,Manhattan,10029
1226,3391.0,East 106th Street,East Harlem,Manhattan,10029
140,3491.0,East 118th Street,East Harlem,Manhattan,10035
255,3493.0,East 118th Street,East Harlem,Manhattan,10035
281,3622.0,East 128th Street,East Harlem,Manhattan,10035
354,3994.0,2nd Avenue,East Harlem,Manhattan,10035
646,3527.0,5th Avenue,East Harlem,Manhattan,10035
785,3504.0,East 123rd Street,East Harlem,Manhattan,10035
814,3501.0,East 118th Street,East Harlem,Manhattan,10035
833,3996.0,East 128th Street,East Harlem,Manhattan,10035
919,3988.0,East 128th Street,East Harlem,Manhattan,10035
1112,3499.0,2nd Avenue,East Harlem,Manhattan,10035
1233,3497.0,Pleasant Avenue,East Harlem,Manhattan,10035
1245,3498.0,East 120th Street,East Harlem,Manhattan,10035
1247,3506.0,East 118th Street,East Harlem,Manhattan,10035
1250,3492.0,East 118th Street,East Harlem,Manhattan,10035
73,3997.0,West 139th Street,East Harlem,Manhattan,10037
271,3507.0,Park Avenue,East Harlem,Manhattan,10037
272,3502.0,Lexington Avenue,East Harlem,Manhattan,10037
299,3505.0,Lexington Avenue,East Harlem,Manhattan,10037
780,3503.0,Madison Avenue,East Harlem,Manhattan,10037
1121,3926.0,5th Avenue,East Harlem,Manhattan,10037
1255,3995.0,5th Avenue,East Harlem,Manhattan,10037
1349,3920.0,Madison Avenue,East Harlem,Manhattan,10037
254,3309.0,East 97th Street,East Harlem,Manhattan,10129
977,3336.0,East 97th Street,East Harlem,Manhattan,10129
533,3141.0,1st Avenue,East Harlem,Manhattan,10029-6408
166,4017.0,5th Avenue,East Harlem,Manhattan,10037:10454
359,4109.0,West 182nd Street,Fort George,Manhattan,10033
104,245.0,Saint Edwards Street,Fort Greene,Brooklyn,11201
1252,3917.0,Willoughby Street,Fort Greene,Brooklyn,11201
81,3648.0,Flushing Avenue,Fort Greene,Brooklyn,11205
196,343.0,Flushing Avenue,Fort Greene,Brooklyn,11205
200,409.0,DeKalb Avenue,Fort Greene,Brooklyn,11205
493,419.0,Carlton Avenue,Fort Greene,Brooklyn,11205
832,3755.0,DeKalb Avenue,Fort Greene,Brooklyn,11205
1049,262.0,Washington Park,Fort Greene,Brooklyn,11205
1178,242.0,Flushing Avenue,Fort Greene,Brooklyn,11205
197,397.0,Fulton Street,Fort Greene,Brooklyn,11207
1048,243.0,Fulton Street,Fort Greene,Brooklyn,11207
204,353.0,South Portland Avenue,Fort Greene,Brooklyn,11217
936,3719.0,South Portland Avenue,Fort Greene,Brooklyn,11217
1037,3429.0,Hanson Place,Fort Greene,Brooklyn,11217
1088,274.0,Saint Felix Street,Fort Greene,Brooklyn,11217
51,241.0,DeKalb Avenue,Fort Greene,Brooklyn,11221
692,258.0,DeKalb Avenue,Fort Greene,Brooklyn,11221
202,271.0,Flatbush Avenue,Fort Greene,Brooklyn,11227
759,3222.0,Times Plaza,Fort Greene,Brooklyn,11227
190,420.0,Clermont Avenue,Fort Greene,Brooklyn,11238
673,421.0,Clermont Avenue,Fort Greene,Brooklyn,11238
682,270.0,Adelphi Street,Fort Greene,Brooklyn,11238
1158,416.0,Cumberland Street,Fort Greene,Brooklyn,11238
207,119.0,Park Avenue,Fort Greene,Brooklyn,11251
344,4106.0,West 164th Street,High Bridge,The Bronx,10452
363,4103.0,West 165th Street,High Bridge,The Bronx,10452
364,4083.0,Walton Avenue,High Bridge,The Bronx,10452
379,4127.0,Ogden Avenue,High Bridge,The Bronx,10452
383,4086.0,Cromwell Avenue,High Bridge,The Bronx,10452
397,4116.0,River Avenue,High Bridge,The Bronx,10452
406,4098.0,Shakespeare Avenue,High Bridge,The Bronx,10452
421,4092.0,Jerome Avenue,High Bridge,The Bronx,10452
429,4080.0,East 164th Street,High Bridge,The Bronx,10452
435,4091.0,Ogden Avenue,High Bridge,The Bronx,10452
944,4251.0,Nelson Avenue,High Bridge,The Bronx,10452
1326,4087.0,West 170th Street,High Bridge,The Bronx,10452
1327,4199.0,River Avenue,High Bridge,The Bronx,10452
1346,4209.0,University Avenue,High Bridge,The Bronx,10452
1374,4129.0,Anderson Avenue,High Bridge,The Bronx,10452
1381,4081.0,Gerard Avenue,High Bridge,The Bronx,10452
1397,4082.0,Gerard Avenue,High Bridge,The Bronx,10452
414,4095.0,East 165th Street,High Bridge,The Bronx,10456
1359,4096.0,Grand Concourse,High Bridge,The Bronx,10456
1366,4210.0,Grand Concourse,High Bridge,The Bronx,10456
385,4143.0,Bryant Avenue,Hunts Point,The Bronx,10474
430,4142.0,Barry Street,Hunts Point,The Bronx,10474
937,4144.0,Lafayette Avenue,Hunts Point,The Bronx,10474
950,4250.0,Seneca Avenue,Hunts Point,The Bronx,10474
1281,4146.0,Garrison Avenue,Hunts Point,The Bronx,10474
21,518.0,2nd Avenue,Murray Hill,Manhattan,10016
300,4120.0,East 39th Street,Murray Hill,Manhattan,10016
519,519.0,Park Avenue,Murray Hill,Manhattan,10016
669,167.0,East 38th Street,Murray Hill,Manhattan,10016
1005,3431.0,East 35th Street,Murray Hill,Manhattan,10016
1109,517.0,East 40th Street,Murray Hill,Manhattan,10016
932,4239.0,Park Avenue,Murray Hill,Manhattan,10037
1168,318.0,Park Avenue,Murray Hill,Manhattan,10037
1288,3749.0,Lexington Avenue,Murray Hill,Manhattan,10037
32,501.0,East River Esplanade,Murray Hill,Manhattan,10017-6927
840,4121.0,Queens-Midtown Tunnel,Murray Hill,Manhattan,10017-6927
320,3947.0,East 138th Street,Port Morris,The Bronx,10454
407,3951.0,East 141st Street,Port Morris,The Bronx,10454
446,3954.0,Bruckner Boulevard,Port Morris,The Bronx,10454
887,3952.0,Jackson Avenue,Port Morris,The Bronx,10454
914,3938.0,East 133rd Street,Port Morris,The Bronx,10454
918,3940.0,Walnut Avenue,Port Morris,The Bronx,10454
929,4064.0,Southern Boulevard,Port Morris,The Bronx,10454
1301,3948.0,East 138th Street,Port Morris,The Bronx,10454
1345,3939.0,Willow Avenue,Port Morris,The Bronx,10454
1414,3941.0,Walnut Avenue,Port Morris,The Bronx,10454
1375,3966.0,Wales Avenue,Port Morris,The Bronx,10455
434,3040.0,3rd Avenue,Sunset Park,Brooklyn,11220
437,3239.0,3rd Avenue,Sunset Park,Brooklyn,11220
444,3245.0,3rd Avenue,Sunset Park,Brooklyn,11220
465,4386.0,57th Street,Sunset Park,Brooklyn,11220
701,255.0,52nd Street,Sunset Park,Brooklyn,11220
755,3020.0,3rd Avenue,Sunset Park,Brooklyn,11220
955,4387.0,58th Street,Sunset Park,Brooklyn,11220
781,3478.0,2nd Avenue,Sunset Park,Brooklyn,11232
1237,3477.0,39th Street,Sunset Park,Brooklyn,11232
1406,3432.0,20th Street,Sunset Park,Brooklyn,11232
474,340.0,Madison Street,Two Bridges,Manhattan,10002
512,408.0,Market Street,Two Bridges,Manhattan,10002
1129,331.0,Pike Street,Two Bridges,Manhattan,10002
649,2009.0,Catherine Street,Two Bridges,Manhattan,10038
670,82.0,Pearl Street,Two Bridges,Manhattan,10038
719,3302.0,Columbus Avenue,Bloomingdale,Manhattan,10025
529,3383.0,Cathedral Parkway,Bloomingdale,Manhattan,10025-4403
173,354.0,Emerson Place,Clinton Hill,Brooklyn,11205
1047,244.0,Willoughby Avenue,Clinton Hill,Brooklyn,11205
1079,373.0,Willoughby Avenue,Clinton Hill,Brooklyn,11205
1080,366.0,Clinton Avenue,Clinton Hill,Brooklyn,11205
667,3062.0,Myrtle Avenue,Clinton Hill,Brooklyn,11206
642,364.0,Lafayette Avenue,Clinton Hill,Brooklyn,11221
1160,372.0,Franklin Avenue,Clinton Hill,Brooklyn,11225
85,399.0,Saint James Place,Clinton Hill,Brooklyn,11238
520,3049.0,Cambridge Place,Clinton Hill,Brooklyn,11238
689,313.0,Washington Avenue,Clinton Hill,Brooklyn,11238
979,275.0,Washington Avenue,Clinton Hill,Brooklyn,11238
1246,3637.0,Waverly Avenue,Clinton Hill,Brooklyn,11238
280,3615.0,44th Drive,Court Square,Queens,11101
285,3625.0,28th Street,Court Square,Queens,11101
607,3126.0,Court Square,Court Square,Queens,11101
728,3128.0,43rd Avenue,Court Square,Queens,11101
1126,3555.0,27th Street,Court Square,Queens,11101
1138,3560.0,28th Street,Court Square,Queens,11101
1274,3618.0,Ed Koch Queensboro Bridge Upper Level,Court Square,Queens,11101
275,3563.0,28th Street,Court Square,Queens,11106
337,4205.0,Crotona Park North,East Tremont,The Bronx,10457
931,4183.0,Fulton Avenue,East Tremont,The Bronx,10457
1289,4161.0,Bathgate Avenue,East Tremont,The Bronx,10457
1394,4159.0,3rd Avenue,East Tremont,The Bronx,10457
75,237.0,East 11th Street,East Village,Manhattan,10003
311,3905.0,4th Avenue,East Village,Manhattan,10003
473,236.0,Saint Mark's Place,East Village,Manhattan,10003
518,3788.0,4th Avenue,East Village,Manhattan,10003
794,3695.0,East 5th Street,East Village,Manhattan,10003
997,504.0,1st Avenue,East Village,Manhattan,10003
1053,3463.0,East 14th Street,East Village,Manhattan,10003
1057,438.0,Saint Mark's Place,East Village,Manhattan,10003
1164,300.0,Taras Shevchenko Place,East Village,Manhattan,10003
1193,3265.0,East 2nd Street,East Village,Manhattan,10003
7,403.0,East 2nd Street,East Village,Manhattan,10009
15,432.0,Avenue A,East Village,Manhattan,10009
22,445.0,East 10th Street,East Village,Manhattan,10009
28,483.0,East 12th Street,East Village,Manhattan,10009
30,394.0,East 9th Street,East Village,Manhattan,10009
126,393.0,East 5th Street,East Village,Manhattan,10009
257,3632.0,East 12th Street,East Village,Manhattan,10009
305,3736.0,East 12th Street,East Village,Manhattan,10009
467,433.0,East 13th Street,East Village,Manhattan,10009
573,3711.0,East 13th Street,East Village,Manhattan,10009
586,301.0,East 2nd Street,East Village,Manhattan,10009
594,302.0,Avenue D,East Village,Manhattan,10009
612,3918.0,Avenue D,East Village,Manhattan,10009
658,411.0,Avenue D,East Village,Manhattan,10009
838,4110.0,Avenue D,East Village,Manhattan,10009
949,3485.0,Avenue D,East Village,Manhattan,10009
968,439.0,East 4th Street,East Village,Manhattan,10009
973,428.0,East 3rd Street,East Village,Manhattan,10009
990,3718.0,East 11th Street,East Village,Manhattan,10009
992,326.0,East 11th Street,East Village,Manhattan,10009
1003,317.0,East 6th Street,East Village,Manhattan,10009
476,150.0,East 2nd Street,East Village,Manhattan,10002-1013
1124,3744.0,1st Avenue,East Village,Manhattan,10002-1013
691,266.0,East 8th Street,East Village,Manhattan,10009:10010
699,339.0,Avenue D,East Village,Manhattan,10009:10010
1150,3441.0,High Line,Hudson Yards,Manhattan,10199
552,3427.0,Lafayette Street,Little Italy,Manhattan,10012-3332
793,3680.0,East 43rd Street,Midtown East,Manhattan,10017
1032,2022.0,FDR Drive,Midtown East,Manhattan,10155
175,3557.0,40th Avenue,Queensbridge,Queens,11101
241,3237.0,21st Street,Queensbridge,Queens,11101
477,3129.0,Ed Koch Queensboro Bridge Path,Queensbridge,Queens,11101
765,3554.0,Vernon Boulevard,Queensbridge,Queens,11101
824,3808.0,24th Street,Queensbridge,Queens,11101
1004,3556.0,24th Street,Queensbridge,Queens,11101
1122,3130.0,21st Street,Queensbridge,Queens,11101
862,3567.0,11th Street,Queensbridge,Queens,11106
475,382.0,University Place,Union Square,Manhattan,10003
504,297.0,East 15th Street,Union Square,Manhattan,10003
557,496.0,East 16th Street,Union Square,Manhattan,10003
685,475.0,East 16th Street,Union Square,Manhattan,10003
991,497.0,East 17th Street,Union Square,Manhattan,10003
1008,503.0,Park Avenue South,Union Square,Manhattan,10003
105,238.0,West Street,West Village,Manhattan,10011
967,345.0,West 13th Street,West Village,Manhattan,10011
1062,223.0,West 13th Street,West Village,Manhattan,10011
1170,253.0,West 13th Street,West Village,Manhattan,10011
6,380.0,West 10th Street,West Village,Manhattan,10014
97,284.0,West 4th Street,West Village,Manhattan,10014
191,346.0,Bank Street,West Village,Manhattan,10014
208,3224.0,West 13th Street,West Village,Manhattan,10014
497,358.0,Christopher Street,West Village,Manhattan,10014
545,383.0,Greenwich Avenue,West Village,Manhattan,10014
601,3739.0,Perry Street,West Village,Manhattan,10014
615,127.0,Barrow Street,West Village,Manhattan,10014
637,247.0,Perry Street,West Village,Manhattan,10014
870,4280.0,West 10th Street,West Village,Manhattan,10014
971,368.0,Carmine Street,West Village,Manhattan,10014
1322,3684.0,West 12th Street,West Village,Manhattan,10014
1343,4215.0,Hudson Street,West Village,Manhattan,10014
1356,4282.0,Washington Street,West Village,Manhattan,10014
619,3686.0,Gansevoort Street,West Village,Manhattan,100014
1099,3282.0,East 87th Street,Carnegie Hill,Manhattan,10028
1413,3700.0,East 87th Street,Carnegie Hill,Manhattan,10028
243,3375.0,3rd Avenue,Carnegie Hill,Manhattan,10035
296,3675.0,3rd Avenue,Carnegie Hill,Manhattan,10035
212,3288.0,East 87th Street,Carnegie Hill,Manhattan,10128
262,3325.0,3rd Avenue,Carnegie Hill,Manhattan,10128
650,3296.0,East 93rd Street,Carnegie Hill,Manhattan,10128
1060,3294.0,East 91st Street,Carnegie Hill,Manhattan,10128
1076,3286.0,3rd Avenue,Carnegie Hill,Manhattan,10128
1194,3290.0,East 88th Street,Carnegie Hill,Manhattan,10128
1217,3284.0,East 88th Street,Carnegie Hill,Manhattan,10128
1244,3578.0,Park Place,Crown Heights,Brooklyn,11216
756,3601.0,Sterling Street,Crown Heights,Brooklyn,11225
1282,3596.0,Sullivan Place,Crown Heights,Brooklyn,11225
1297,4117.0,Sullivan Place,Crown Heights,Brooklyn,11225
803,3799.0,Broadway,Herald Square,Manhattan,10019
39,377.0,Sullivan Street,Hudson Square,Manhattan,10005
91,347.0,Washington Street,Hudson Square,Manhattan,10013
367,4214.0,Spring Street,Hudson Square,Manhattan,10013
550,3474.0,6th Avenue,Hudson Square,Manhattan,10013
539,3256.0,Hudson River Park Esplanade,Hudson Square,Manhattan,10282
805,3746.0,Clark Street,Hudson Square,Manhattan,10014-3621
963,2004.0,Clark Street,Hudson Square,Manhattan,10014-3621
217,3120.0,Center Boulevard,Hunters Point,Queens,11101
563,3611.0,Vernon Boulevard,Hunters Point,Queens,11101
276,3613.0,Center Boulevard,Hunters Point,Queens,11109
531,3119.0,Vernon Boulevard,Hunters Point,Queens,11109
1090,3608.0,51st Avenue,Hunters Point,Queens,11109
1113,3726.0,Center Boulevard,Hunters Point,Queens,11109
1185,3122.0,50th Avenue,Hunters Point,Queens,11109
472,485.0,East 35th Street,Midtown South,Manhattan,10016
985,153.0,East 40th Street,Midtown South,Manhattan,10016
1111,472.0,East 32nd Street,Midtown South,Manhattan,10016
708,3234.0,East 40th Street,Midtown South,Manhattan,10017
1162,3235.0,East 41st Street,Midtown South,Manhattan,10017
139,3798.0,West 39th Street,Midtown South,Manhattan,10018
679,486.0,Broadway,Midtown South,Manhattan,10019
999,474.0,5th Avenue,Midtown South,Manhattan,10035
108,3643.0,5th Avenue,Midtown South,Manhattan,10110
505,478.0,11th Avenue,Hell's Kitchen,Manhattan,10018
16,422.0,West 58th Street,Hell's Kitchen,Manhattan,10019
489,2021.0,West 45th Street,Hell's Kitchen,Manhattan,10036
1263,4193.0,Lafayette Plaza,Hudson Heights,Manhattan,10033
495,3158.0,Columbus Avenue,Lincoln Square,Manhattan,10023
158,3881.0,12th Avenue,Manhattanville,Manhattan,10027
289,3649.0,West 129th Street,Manhattanville,Manhattan,10027
391,3935.0,Amsterdam Avenue,Manhattanville,Manhattan,10027
916,4104.0,Old Broadway,Manhattanville,Manhattan,10027
952,3550.0,West 129th Street,Manhattanville,Manhattan,10027
1259,4018.0,Broadway,Manhattanville,Manhattan,10027
1351,3936.0,West 133rd Street,Manhattanville,Manhattan,10027
1141,3934.0,West 134th Street,Manhattanville,Manhattan,10030
760,3547.0,Broadway,Manhattanville,Manhattan,10115
648,3541.0,Amsterdam Avenue,Manhattanville,Manhattan,10027-4840
889,3942.0,Broadway,Manhattanville,Manhattan,10027-4840
376,4131.0,Goble Place,Morris Heights,The Bronx,10452
380,4088.0,Nelson Avenue,Morris Heights,The Bronx,10452
242,3381.0,3rd Street,Carroll Gardens,Brooklyn,11231
656,3386.0,1st Place,Carroll Gardens,Brooklyn,11231
715,3397.0,Court Street,Carroll Gardens,Brooklyn,11231
1192,3388.0,President Street,Carroll Gardens,Brooklyn,11231
1220,3382.0,2nd Street,Carroll Gardens,Brooklyn,11231
1229,3398.0,Smith Street,Carroll Gardens,Brooklyn,11231
972,499.0,Columbus Circle,Columbus Circle,Manhattan,10023
287,3584.0,Eastern Parkway South Mall,Eastern Parkway,Brooklyn,11213
29,341.0,Stanton Street,Lower East Side,Manhattan,10002
36,342.0,Columbia Street,Lower East Side,Manhattan,10002
46,350.0,Clinton Street,Lower East Side,Manhattan,10002
98,3656.0,Essex Street,Lower East Side,Manhattan,10002
468,291.0,Madison Street,Lower East Side,Manhattan,10002
554,502.0,Henry Street,Lower East Side,Manhattan,10002
574,311.0,Grand Street,Lower East Side,Manhattan,10002
589,531.0,Broome Street,Lower East Side,Manhattan,10002
600,349.0,Rivington Street,Lower East Side,Manhattan,10002
633,332.0,Cherry Street,Lower East Side,Manhattan,10002
825,3738.0,Eldridge Street,Lower East Side,Manhattan,10002
948,3250.0,Delancey Street,Lower East Side,Manhattan,10002
1024,312.0,Allen Street,Lower East Side,Manhattan,10002
1028,410.0,Suffolk Street,Lower East Side,Manhattan,10002
1034,401.0,Delancey Street,Lower East Side,Manhattan,10002
1059,307.0,Canal Street,Lower East Side,Manhattan,10002
1069,356.0,Willett Street,Lower East Side,Manhattan,10002
1248,3737.0,Stanton Street,Lower East Side,Manhattan,10002
38,3435.0,Grand Street,Lower East Side,Manhattan,10013
718,3019.0,Williamsburg Bridge,Lower East Side,Manhattan,10002-1013
1163,400.0,Stanton Street,Lower East Side,Manhattan,10002-1013
1,265.0,Stanton Street,Lower East Side,Manhattan,10012-3332
996,473.0,Chrystie Street,Lower East Side,Manhattan,10012-3332
1402,3683.0,East River Esplanade,Lower East Side,Manhattan,10009:10010
4,143.0,Clinton Street,Brooklyn Heights,Brooklyn,11201
153,3790.0,Henry Street,Brooklyn Heights,Brooklyn,11201
199,406.0,Hicks Street,Brooklyn Heights,Brooklyn,11201
806,3728.0,Pierrepont Street,Brooklyn Heights,Brooklyn,11201
1051,3242.0,Schermerhorn Street,Brooklyn Heights,Brooklyn,11217
625,157.0,Henry Street,Brooklyn Heights,Brooklyn,11231
125,391.0,Clark Street,Brooklyn Heights,Brooklyn,11201-1832
687,216.0,Brooklyn-Queens Expressway,Brooklyn Heights,Brooklyn,11201-1832
87,379.0,7th Avenue,Chelsea District,Manhattan,10001
94,388.0,West 25th Street,Chelsea District,Manhattan,10001
1013,3259.0,9th Avenue,Chelsea District,Manhattan,10001
1025,442.0,West 27th Street,Chelsea District,Manhattan,10001
54,462.0,West 22nd Street,Chelsea District,Manhattan,10011
90,482.0,West 15th Street,Chelsea District,Manhattan,10011
188,212.0,West 16th Street,Chelsea District,Manhattan,10011
470,435.0,West 20th Street,Chelsea District,Manhattan,10011
566,459.0,West 19th Street,Chelsea District,Manhattan,10011
796,3660.0,West 16th Street,Chelsea District,Manhattan,10011
811,3813.0,West 20th Street,Chelsea District,Manhattan,10011
1036,453.0,West 22nd Street,Chelsea District,Manhattan,10011
1081,446.0,West 24th Street,Chelsea District,Manhattan,10011
1104,470.0,West 20th Street,Chelsea District,Manhattan,10011
1132,334.0,West 20th Street,Chelsea District,Manhattan,10011
189,463.0,9th Avenue,Chelsea District,Manhattan,10019
608,434.0,9th Avenue,Chelsea District,Manhattan,10019
47,3472.0,High Line,Chelsea District,Manhattan,100014
1148,509.0,9th Avenue,Chelsea District,Manhattan,100014
58,498.0,PATH - 33rd Street entrance (closed),Chelsea District,Manhattan,10001-2062
164,3712.0,West 35th Street,Garment District,Manhattan,10001
502,492.0,West 35th Street,Garment District,Manhattan,10001
536,267.0,West 34th Street,Garment District,Manhattan,10001
570,3255.0,West 35th Street,Garment District,Manhattan,10001
686,521.0,West 35th Street,Garment District,Manhattan,10001
1218,3230.0,West 35th Street,Garment District,Manhattan,10001
1251,4219.0,West 35th Street,Garment District,Manhattan,10001
1403,3450.0,West 35th Street,Garment District,Manhattan,10001
343,4244.0,West 36th Street,Garment District,Manhattan,10018
466,488.0,West 39th Street,Garment District,Manhattan,10018
479,523.0,8th Avenue,Garment District,Manhattan,10018
549,477.0,West 39th Street,Garment District,Manhattan,10018
974,362.0,West 36th Street,Garment District,Manhattan,10018
1107,3464.0,West 37th Street,Garment District,Manhattan,10018
1131,3635.0,West 36th Street,Garment District,Manhattan,10018
1140,4044.0,8th Avenue,Garment District,Manhattan,10018
180,533.0,Broadway,Garment District,Manhattan,10019
323,3945.0,West 136th Street,Hamilton Heights,Manhattan,10031
409,4035.0,West 153rd Street,Hamilton Heights,Manhattan,10031
867,4007.0,Riverside Drive,Hamilton Heights,Manhattan,10031
1350,4247.0,Herman Denny Farrell Pedestrian Bridge,Hamilton Heights,Manhattan,10031
206,365.0,Fulton Street,Prospect Heights,Brooklyn,11207
307,3789.0,Fulton Street,Prospect Heights,Brooklyn,11207
112,83.0,Atlantic Avenue,Prospect Heights,Brooklyn,11208
283,3558.0,Bergen Street,Prospect Heights,Brooklyn,11213
787,3574.0,Prospect Place,Prospect Heights,Brooklyn,11216
72,3549.0,Grand Avenue,Prospect Heights,Brooklyn,11238
178,3581.0,Underhill Avenue,Prospect Heights,Brooklyn,11238
211,3580.0,Washington Avenue,Prospect Heights,Brooklyn,11238
277,3546.0,Atlantic Avenue,Prospect Heights,Brooklyn,11238
635,3583.0,Eastern Parkway South Sidewalk,Prospect Heights,Brooklyn,11238
762,3576.0,Park Place,Prospect Heights,Brooklyn,11238
772,3253.0,Eastern Parkway South Sidewalk,Prospect Heights,Brooklyn,11238
779,3537.0,Carlton Avenue,Prospect Heights,Brooklyn,11238
983,3562.0,Classon Avenue,Prospect Heights,Brooklyn,11238
1045,396.0,Lefferts Place,Prospect Heights,Brooklyn,11238
1084,3582.0,Lincoln Place,Prospect Heights,Brooklyn,11238
1171,384.0,Waverly Avenue,Prospect Heights,Brooklyn,11238
1242,3544.0,Underhill Avenue,Prospect Heights,Brooklyn,11238
122,449.0,West 52nd Street,Theater District,Manhattan,10019
165,469.0,West 53rd Street,Theater District,Manhattan,10019
194,500.0,7th Avenue,Theater District,Manhattan,10019
491,447.0,West 52nd Street,Theater District,Manhattan,10019
498,3443.0,6th Avenue,Theater District,Manhattan,10019
819,4232.0,6th Avenue,Theater District,Manhattan,10019
1018,468.0,West 54th Street,Theater District,Manhattan,10019
1157,3699.0,West 50th Street,Theater District,Manhattan,10019
1166,480.0,West 52nd Street,Theater District,Manhattan,10019
1364,4235.0,West 50th Street,Theater District,Manhattan,10019
462,3000.0,8th Avenue,Theater District,Manhattan,10036
481,173.0,West 48th Street,Theater District,Manhattan,10036
547,465.0,8th Avenue,Theater District,Manhattan,10036
676,495.0,West 47th Street,Theater District,Manhattan,10036
970,493.0,West 45th Street,Theater District,Manhattan,10036
1023,3785.0,West 41st Street,Theater District,Manhattan,10036
1176,450.0,West 47th Street,Theater District,Manhattan,10036
12,529.0,8th Avenue,Theater District,Manhattan,100036
595,3002.0,Liberty Street,Battery Park City,Manhattan,10005
176,363.0,West Thames Street,Battery Park City,Manhattan,10280
1011,2008.0,1st Place,Battery Park City,Manhattan,10280
802,3906.0,West Street,Battery Park City,Manhattan,10281
184,327.0,North End Avenue,Battery Park City,Manhattan,10282
1072,426.0,Hudson River Park Esplanade,Battery Park City,Manhattan,10282
143,3871.0,Bushwick Avenue,Broadway Junction,Brooklyn,11207
1275,3824.0,Van Sinderen Avenue,Broadway Junction,Brooklyn,11207
349,3867.0,Somers Street,Broadway Junction,Brooklyn,11233
924,4157.0,Boston Road,Charlotte Gardens,The Bronx,10456
423,4177.0,Ritter Place,Charlotte Gardens,The Bronx,10459
877,4158.0,Freeman Street,Charlotte Gardens,The Bronx,10459
910,4179.0,Freeman Street,Charlotte Gardens,The Bronx,10459
938,4180.0,West Farms Road,Charlotte Gardens,The Bronx,10459
939,4182.0,Intervale Avenue,Charlotte Gardens,The Bronx,10459
1418,4252.0,Home Street,Charlotte Gardens,The Bronx,10459
308,4213.0,Crotona Park East,Charlotte Gardens,The Bronx,10460
370,4162.0,East 172nd Street,Charlotte Gardens,The Bronx,10460
410,4228.0,Waterloo Place,Charlotte Gardens,The Bronx,10460
422,4227.0,Crotona Park East,Charlotte Gardens,The Bronx,10460
438,4230.0,Charlotte Street,Charlotte Gardens,The Bronx,10460
861,4163.0,Boone Avenue,Charlotte Gardens,The Bronx,10460
891,4184.0,Southern Boulevard,Charlotte Gardens,The Bronx,10460
925,4181.0,Hoe Avenue,Charlotte Gardens,The Bronx,10460
1319,4164.0,East 174th Street,Charlotte Gardens,The Bronx,10460
1355,4185.0,East 175th Street,Charlotte Gardens,The Bronx,10460
182,233.0,Joralemon Street,Downtown Brooklyn,Brooklyn,11201
291,3723.0,Johnson Street,Downtown Brooklyn,Brooklyn,11201
507,323.0,Lawrence Street,Downtown Brooklyn,Brooklyn,11201
672,232.0,Cadman Plaza East,Downtown Brooklyn,Brooklyn,11201
684,218.0,Gallatin Place,Downtown Brooklyn,Brooklyn,11201
694,431.0,Livingston Street,Downtown Brooklyn,Brooklyn,11201
981,239.0,Willoughby Street,Downtown Brooklyn,Brooklyn,11201
1026,390.0,Duffield Street,Downtown Brooklyn,Brooklyn,11201
260,3455.0,Schermerhorn Street,Downtown Brooklyn,Brooklyn,11217
677,324.0,DeKalb Avenue,Downtown Brooklyn,Brooklyn,11221
110,298.0,3 Avenue,Downtown Brooklyn,Brooklyn,11227
666,3232.0,Bond Street,Downtown Brooklyn,Brooklyn,11231
964,392.0,Tillary Street,Downtown Brooklyn,Brooklyn,11201-1832
1093,466.0,West 25th Street,Flatiron District,Manhattan,10001
1256,4040.0,Madison Avenue,Flatiron District,Manhattan,10010
19,335.0,West 3rd Street,Greenwich Village,Manhattan,10012
942,3487.0,36th Street,Greenwood Heights,Brooklyn,11232
405,4313.0,46th Street,Sunnyside Gardens,Queens,11101
412,4316.0,34th Avenue,Sunnyside Gardens,Queens,11101
436,4331.0,48th Street,Sunnyside Gardens,Queens,11101
441,4305.0,34th Avenue,Sunnyside Gardens,Queens,11101
605,3572.0,34th Avenue,Sunnyside Gardens,Queens,11101
895,4258.0,34th Avenue,Sunnyside Gardens,Queens,11101
915,4255.0,42nd Place,Sunnyside Gardens,Queens,11101
1070,3597.0,43rd Street,Sunnyside Gardens,Queens,11101
1379,4262.0,38th Street,Sunnyside Gardens,Queens,11101
1416,4257.0,37th Avenue,Sunnyside Gardens,Queens,11101
1417,4284.0,43rd Street,Sunnyside Gardens,Queens,11101
1423,4315.0,46th Street,Sunnyside Gardens,Queens,11103
578,3573.0,34th Avenue,Sunnyside Gardens,Queens,11106
1411,4268.0,50th Street,Sunnyside Gardens,Queens,11377
1106,3042.0,Fulton Street,Bedford-Stuyvesant,Brooklyn,11207
221,3041.0,Kingston Avenue,Bedford-Stuyvesant,Brooklyn,11213
168,3055.0,Greene Avenue,Bedford-Stuyvesant,Brooklyn,11216
210,3048.0,Putnam Avenue,Bedford-Stuyvesant,Brooklyn,11216
773,3229.0,Marcy Avenue,Bedford-Stuyvesant,Brooklyn,11216
789,3548.0,Pacific Street,Bedford-Stuyvesant,Brooklyn,11216
1056,3249.0,Verona Place,Bedford-Stuyvesant,Brooklyn,11216
1087,3241.0,Monroe Street,Bedford-Stuyvesant,Brooklyn,11216
147,344.0,Monroe Street,Bedford-Stuyvesant,Brooklyn,11221
653,3054.0,Greene Avenue,Bedford-Stuyvesant,Brooklyn,11221
695,289.0,Monroe Street,Bedford-Stuyvesant,Brooklyn,11221
1133,3050.0,Putnam Avenue,Bedford-Stuyvesant,Brooklyn,11221
1174,120.0,Lexington Avenue,Bedford-Stuyvesant,Brooklyn,11221
17,437.0,Macon Street,Bedford-Stuyvesant,Brooklyn,11233
20,259.0,South Street,Financial District,Manhattan,10004
486,427.0,Peter Minuit Plaza,Financial District,Manhattan,10004
690,534.0,Water Street,Financial District,Manhattan,10004
1016,260.0,Whitehall Street,Financial District,Manhattan,10004
187,195.0,Liberty Street,Financial District,Manhattan,10005
483,337.0,Old Slip,Financial District,Manhattan,10005
592,3919.0,Wall Street,Financial District,Manhattan,10005
1408,4248.0,Old Slip,Financial District,Manhattan,10005
74,319.0,Broadway,Financial District,Manhattan,10007
121,264.0,Maiden Lane,Financial District,Manhattan,10038
292,3701.0,Cliff Street,Financial District,Manhattan,10038
316,3916.0,Pearl Street,Financial District,Manhattan,10038
492,306.0,Cliff Street,Financial District,Manhattan,10038
530,224.0,Spruce Street,Financial District,Manhattan,10038
747,3489.0,Gold Street,Financial District,Manhattan,10038
1007,415.0,Pearl Street,Financial District,Manhattan,10038
1014,316.0,Fulton Street,Financial District,Manhattan,10038
1169,376.0,John Street,Financial District,Manhattan,10038
1249,3783.0,Cliff Street,Financial District,Manhattan,10038
128,315.0,FDR Drive,Financial District,Manhattan,10041
55,360.0,Chase Manhattan Plaza,Financial District,Manhattan,10045
109,4118.0,Liberty Street,Financial District,Manhattan,10045
1022,351.0,Pine Street,Financial District,Manhattan,10045
65,304.0,Battery Place,Financial District,Manhattan,10275
350,3908.0,Battery Place,Financial District,Manhattan,10275
179,3117.0,Dupont Street,Greenpoint Landing,Brooklyn,11222
1309,3705.0,Thompson Street,University Village,Manhattan,10012
457,3197.0,Hudson Street,Downtown Jersey City,,07311
565,225.0,High Line,Meatpacking District,Manhattan,100014
263,3650.0,Rue Mayor,Quartier des Spectacles,Ville-Marie,H3A 1N9
453,3488.0,Rue Mayor,Quartier des Spectacles,Ville-Marie,H3A 1N9
538,285.0,East 12th Street,Washington Square Village,Manhattan,10003
576,357.0,East 11th Street,Washington Square Village,Manhattan,10003
1134,3812.0,East 12th Street,Washington Square Village,Manhattan,10003
129,280.0,East 10th Street,Washington Square Village,Manhattan,10009
1071,369.0,West Washington Place,Washington Square Village,Manhattan,10011
1094,3708.0,5th Avenue,Washington Square Village,Manhattan,10011
1033,254.0,West 11th Street,Washington Square Village,Manhattan,10014
986,252.0,Washington Square North,Washington Square Village,Manhattan,10011-6832
14,387.0,Centre Street,Manhattan Community Board 1,Manhattan,10000
681,330.0,Reade Street,Manhattan Community Board 1,Manhattan,10013
1119,386.0,Centre Street,Manhattan Community Board 1,Manhattan,10278
92,279.0,Labrynth,Manhattan Community Board 1,,11201
3,348.0,West Broadway,Manhattan Community Board 2,Manhattan,10012
34,151.0,Lafayette Street,Manhattan Community Board 2,Manhattan,10012
37,375.0,West Houston Street,Manhattan Community Board 2,Manhattan,10012
49,3467.0,West Broadway,Manhattan Community Board 2,Manhattan,10012
63,336.0,West Houston Street,Manhattan Community Board 2,Manhattan,10012
293,3740.0,West Broadway,Manhattan Community Board 2,Manhattan,10012
506,3244.0,West Houston Street,Manhattan Community Board 2,Manhattan,10012
508,303.0,Mercer Street,Manhattan Community Board 2,Manhattan,10012
514,161.0,West Houston Street,Manhattan Community Board 2,Manhattan,10012
579,3260.0,West Houston Street,Manhattan Community Board 2,Manhattan,10012
614,251.0,Spring Street,Manhattan Community Board 2,Manhattan,10012
1165,294.0,West Houston Street,Manhattan Community Board 2,Manhattan,10012
683,263.0,Elizabeth Street,Manhattan Community Board 2,Manhattan,10013
1153,2010.0,Grand Street,Manhattan Community Board 2,Manhattan,10013
8,405.0,Gansevoort Street,Manhattan Community Board 2,Manhattan,10014
500,404.0,9th Avenue,Manhattan Community Board 2,Manhattan,10014
623,250.0,Lafayette Street,Manhattan Community Board 2,Manhattan,10012-3332
68,296.0,Division Street,Manhattan Community Board 3,Manhattan,10002
471,295.0,Pike Street,Manhattan Community Board 3,Manhattan,10002
1091,3786.0,Division Street,Manhattan Community Board 3,Manhattan,10002
31,308.0,Saint James Place,Manhattan Community Board 3,Manhattan,10038
25,525.0,West 33rd Street,Manhattan Community Board 4,Manhattan,10001
575,458.0,West 27th Street,Manhattan Community Board 4,Manhattan,10001
663,3735.0,West 30th Street,Manhattan Community Board 4,Manhattan,10001
804,4238.0,11th Avenue,Manhattan Community Board 4,Manhattan,10018
976,448.0,West 37th Street,Manhattan Community Board 4,Manhattan,10018
366,4236.0,West 54th Street,Manhattan Community Board 4,Manhattan,10019
469,530.0,West 57th Street,Manhattan Community Board 4,Manhattan,10019
693,513.0,West 54th Street,Manhattan Community Board 4,Manhattan,10019
1031,423.0,West 54th Street,Manhattan Community Board 4,Manhattan,10019
1156,72.0,West 51st Street,Manhattan Community Board 4,Manhattan,10019
522,515.0,West 43rd Street,Manhattan Community Board 4,Manhattan,10036
966,479.0,West 44th Street,Manhattan Community Board 4,Manhattan,10036
1002,508.0,West 45th Street,Manhattan Community Board 4,Manhattan,10036
18,514.0,Lincoln Tunnel,Manhattan Community Board 4,Manhattan,100036
509,3236.0,PABT Ramp,Manhattan Community Board 4,Manhattan,100036
5,524.0,,Manhattan Community Board 5,Manhattan,
106,505.0,West 33rd Street,Manhattan Community Board 5,Manhattan,10001
2,402.0,Broadway,Manhattan Community Board 5,Manhattan,10010
513,491.0,East 23rd Street,Manhattan Community Board 5,Manhattan,10010
1077,168.0,West 18th Street,Manhattan Community Board 5,Manhattan,10011
205,538.0,5th Avenue,Manhattan Community Board 5,Manhattan,10017
639,3233.0,East 48th Street,Manhattan Community Board 5,Manhattan,10017
24,457.0,Broadway,Manhattan Community Board 5,Manhattan,10019
488,352.0,West 56th Street,Manhattan Community Board 5,Manhattan,10019
496,520.0,West 52nd Street,Manhattan Community Board 5,Manhattan,10019
546,2006.0,Central Park South,Manhattan Community Board 5,Manhattan,10019
621,3724.0,Central Park South,Manhattan Community Board 5,Manhattan,10019
1264,3809.0,West 55th Street,Manhattan Community Board 5,Manhattan,10019
267,3457.0,East 58th Street,Manhattan Community Board 5,Manhattan,10022
680,137.0,East 56th Street,Manhattan Community Board 5,Manhattan,10022
697,2023.0,East 55th Street,Manhattan Community Board 5,Manhattan,10022
1291,3814.0,East 56th Street,Manhattan Community Board 5,Manhattan,10022
1295,4058.0,Madison Avenue,Manhattan Community Board 5,Manhattan,10022
27,484.0,5th Avenue,Manhattan Community Board 5,Manhattan,10036
268,3466.0,West 45th Street,Manhattan Community Board 5,Manhattan,10036
1009,4072.0,West 48th Street,Manhattan Community Board 5,Manhattan,10036
86,359.0,Park Avenue,Manhattan Community Board 5,Manhattan,10037
152,3458.0,,Manhattan Community Board 5,Manhattan,10105
643,4073.0,Rockefeller Plaza,Manhattan Community Board 5,Manhattan,10111
678,510.0,Rockefeller Plaza,Manhattan Community Board 5,Manhattan,10111
1253,3731.0,Rockefeller Plaza,Manhattan Community Board 5,Manhattan,10111
560,281.0,Grand Army Plaza,Manhattan Community Board 5,Manhattan,10153
155,444.0,General Worth Square,Manhattan Community Board 5,Manhattan,10001-7604
580,3641.0,General Worth Square,Manhattan Community Board 5,Manhattan,10001-7604
1058,325.0,East 19th Street,Manhattan Community Board 6,Manhattan,10003
1086,461.0,East 19th Street,Manhattan Community Board 6,Manhattan,10003
116,2003.0,1st Avenue service road,Manhattan Community Board 6,Manhattan,10009
930,3468.0,Avenue C,Manhattan Community Board 6,Manhattan,10009
980,174.0,East 23rd Street,Manhattan Community Board 6,Manhattan,10010
45,305.0,East 58th Street,Manhattan Community Board 6,Manhattan,10022
93,4279.0,East 54th Street,Manhattan Community Board 6,Manhattan,10022
969,464.0,East 56th Street,Manhattan Community Board 6,Manhattan,10022
975,3223.0,East 55th Street,Manhattan Community Board 6,Manhattan,10022
1021,385.0,East 55th Street,Manhattan Community Board 6,Manhattan,10022
1052,3243.0,East 58th Street,Manhattan Community Board 6,Manhattan,10022
1267,3734.0,East 57th Street,Manhattan Community Board 6,Manhattan,10022
688,290.0,2nd Avenue,Manhattan Community Board 6,Manhattan,10035
67,511.0,East 14th Street,Manhattan Community Board 6,Manhattan,10009:10010
657,3733.0,Avenue C,Manhattan Community Board 6,Manhattan,10009:10010
1404,3219.0,East 14th Street service road,Manhattan Community Board 6,Manhattan,10009:10010
1315,4045.0,West 60th Street,Manhattan Community Board 7,Manhattan,100
853,3993.0,West 59th Street,Manhattan Community Board 7,Manhattan,10019
9,3167.0,West 73rd Street,Manhattan Community Board 7,Manhattan,10023
76,3159.0,West 67th Street,Manhattan Community Board 7,Manhattan,10023
581,3164.0,Columbus Avenue,Manhattan Community Board 7,Manhattan,10023
590,3293.0,Broadway,Manhattan Community Board 7,Manhattan,10023
702,3161.0,Columbus Avenue,Manhattan Community Board 7,Manhattan,10023
739,3176.0,West 64th Street,Manhattan Community Board 7,Manhattan,10023
741,3356.0,West 65th Street,Manhattan Community Board 7,Manhattan,10023
1030,3175.0,West 68th Street,Manhattan Community Board 7,Manhattan,10023
1161,3360.0,West 77th Street,Manhattan Community Board 7,Manhattan,10023
1182,3172.0,West 74th Street,Manhattan Community Board 7,Manhattan,10023
1183,3166.0,West 72nd Street,Manhattan Community Board 7,Manhattan,10023
258,3437.0,Riverside Drive,Manhattan Community Board 7,Manhattan,10024
265,3291.0,Riverside Drive,Manhattan Community Board 7,Manhattan,10024
490,3177.0,West 84th Street,Manhattan Community Board 7,Manhattan,10024
521,3289.0,West 89th Street,Manhattan Community Board 7,Manhattan,10024
561,3168.0,West 85th Street,Manhattan Community Board 7,Manhattan,10024
569,3285.0,West 87th Street,Manhattan Community Board 7,Manhattan,10024
609,3169.0,Riverside Drive,Manhattan Community Board 7,Manhattan,10024
632,3171.0,Amsterdam Avenue,Manhattan Community Board 7,Manhattan,10024
705,3170.0,West 84th Street,Manhattan Community Board 7,Manhattan,10024
742,3445.0,Riverside Drive,Manhattan Community Board 7,Manhattan,10024
808,4075.0,West 85th Street,Manhattan Community Board 7,Manhattan,10024
856,3914.0,West End Avenue,Manhattan Community Board 7,Manhattan,10024
998,3226.0,West 82nd Street,Manhattan Community Board 7,Manhattan,10024
1019,3287.0,West 87th Street,Manhattan Community Board 7,Manhattan,10024
1042,3283.0,West 89th Street,Manhattan Community Board 7,Manhattan,10024
1120,3178.0,Riverside Drive,Manhattan Community Board 7,Manhattan,10024
1186,3162.0,West End Avenue,Manhattan Community Board 7,Manhattan,10024
1230,3434.0,West 88th Street,Manhattan Community Board 7,Manhattan,10024
1305,4043.0,West 78th Street,Manhattan Community Board 7,Manhattan,10024
114,3328.0,Central Park West,Manhattan Community Board 7,Manhattan,10025
119,3331.0,Riverside Drive,Manhattan Community Board 7,Manhattan,10025
133,3323.0,Central Park West,Manhattan Community Board 7,Manhattan,10025
144,3689.0,West 104th Street,Manhattan Community Board 7,Manhattan,10025
163,3320.0,Central Park West,Manhattan Community Board 7,Manhattan,10025
248,3316.0,West 104th Street,Manhattan Community Board 7,Manhattan,10025
480,3301.0,West 93rd Street,Manhattan Community Board 7,Manhattan,10025
562,3357.0,West 106th Street,Manhattan Community Board 7,Manhattan,10025
583,3350.0,West 99th Street,Manhattan Community Board 7,Manhattan,10025
989,3314.0,West 95th Street,Manhattan Community Board 7,Manhattan,10025
1017,3307.0,West End Avenue,Manhattan Community Board 7,Manhattan,10025
1336,4123.0,West 104th Street,Manhattan Community Board 7,Manhattan,10025
572,3173.0,Riverside Boulevard,Manhattan Community Board 7,Manhattan,10069
611,3697.0,Thelonius Monk Circle,Manhattan Community Board 7,Manhattan,10069
1063,3366.0,West End Avenue,Manhattan Community Board 7,Manhattan,10025-4403
1110,3343.0,West 107th Street,Manhattan Community Board 7,Manhattan,10025-4403
227,3355.0,East 66th Street,Manhattan Community Board 8,Manhattan,10021
534,3131.0,East 68th Street,Manhattan Community Board 8,Manhattan,10021
548,3140.0,East 76th Street,Manhattan Community Board 8,Manhattan,10021
553,3359.0,East 68th Street,Manhattan Community Board 8,Manhattan,10021
1095,3152.0,3rd Avenue,Manhattan Community Board 8,Manhattan,10021
1188,3153.0,East 71st Street,Manhattan Community Board 8,Manhattan,10021
1190,3155.0,East 63rd Street,Manhattan Community Board 8,Manhattan,10021
1215,3438.0,East 76th Street,Manhattan Community Board 8,Manhattan,10021
134,3146.0,East 81st Street,Manhattan Community Board 8,Manhattan,10028
216,3157.0,East End Avenue,Manhattan Community Board 8,Manhattan,10028
478,3148.0,East 84th Street,Manhattan Community Board 8,Manhattan,10028
703,3144.0,East 81st Street,Manhattan Community Board 8,Manhattan,10028
714,3149.0,East 82nd Street,Manhattan Community Board 8,Manhattan,10028
766,3369.0,East 82nd Street,Manhattan Community Board 8,Manhattan,10028
1001,3362.0,East 81st Street,Manhattan Community Board 8,Manhattan,10028
1020,3147.0,East 85th Street,Manhattan Community Board 8,Manhattan,10028
1203,3150.0,East 85th Street,Manhattan Community Board 8,Manhattan,10028
1278,3671.0,East 81st Street,Manhattan Community Board 8,Manhattan,10028
310,3725.0,2nd Avenue,Manhattan Community Board 8,Manhattan,10035
616,3136.0,5th Avenue,Manhattan Community Board 8,Manhattan,10035
329,4036.0,Main Street,Manhattan Community Board 8,Manhattan,10044
1143,4037.0,East Main Street,Manhattan Community Board 8,Manhattan,10044
312,3898.0,East 63rd Street,Manhattan Community Board 8,Manhattan,10065
555,3142.0,East 61st Street,Manhattan Community Board 8,Manhattan,10065
722,3134.0,East 62nd Street,Manhattan Community Board 8,Manhattan,10065
1181,3231.0,East 66th Street,Manhattan Community Board 8,Manhattan,10065
1191,3376.0,East 65th Street,Manhattan Community Board 8,Manhattan,10065
89,3138.0,East 77th Street,Manhattan Community Board 8,Manhattan,10075
209,3151.0,East 81st Street,Manhattan Community Board 8,Manhattan,10075
419,3805.0,East 80th Street,Manhattan Community Board 8,Manhattan,10075
585,3154.0,East 77th Street,Manhattan Community Board 8,Manhattan,10075
636,3370.0,East 78th Street,Manhattan Community Board 8,Manhattan,10075
720,3238.0,East 80th Street,Manhattan Community Board 8,Manhattan,10075
640,3305.0,East 91st Street,Manhattan Community Board 8,Manhattan,10128
1200,3312.0,East 93rd Street,Manhattan Community Board 8,Manhattan,10128
852,4038.0,West Loop Road,Manhattan Community Board 8,Manhattan,11109
499,3552.0,West 113th Street,Manhattan Community Board 9,Manhattan,10025
737,3538.0,Amsterdam Avenue,Manhattan Community Board 9,Manhattan,10025
233,3539.0,Amsterdam Avenue,Manhattan Community Board 9,Manhattan,10027
234,3540.0,Morningside Avenue,Manhattan Community Board 9,Manhattan,10027
744,3536.0,West 116th Street,Manhattan Community Board 9,Manhattan,10027
822,3623.0,West 120th Street,Manhattan Community Board 9,Manhattan,10027
1261,3543.0,Morningside Drive,Manhattan Community Board 9,Manhattan,10027
138,4013.0,West 151st Street,Manhattan Community Board 9,Manhattan,10031
347,3944.0,Convent Avenue,Manhattan Community Board 9,Manhattan,10031
629,3973.0,West 150th Street,Manhattan Community Board 9,Manhattan,10031
798,4009.0,Riverside Drive,Manhattan Community Board 9,Manhattan,10031
839,3960.0,West 140th Street,Manhattan Community Board 9,Manhattan,10031
905,4034.0,Hamilton Place,Manhattan Community Board 9,Manhattan,10031
1294,4014.0,Riverside Drive,Manhattan Community Board 9,Manhattan,10031
1313,4010.0,West 145th Street,Manhattan Community Board 9,Manhattan,10031
1342,3967.0,West 146th Street,Manhattan Community Board 9,Manhattan,10031
1344,3984.0,West 140th Street,Manhattan Community Board 9,Manhattan,10031
1347,4005.0,Convent Avenue,Manhattan Community Board 9,Manhattan,10031
1357,4012.0,West 148th Street,Manhattan Community Board 9,Manhattan,10031
1400,4025.0,Edgecombe Avenue,Manhattan Community Board 9,Manhattan,10031
888,4027.0,West 154th Street,Manhattan Community Board 9,Manhattan,10032
1369,3980.0,Amsterdam Avenue,Manhattan Community Board 9,Manhattan,10040
256,3542.0,Amsterdam Avenue,Manhattan Community Board 9,Manhattan,10115
1214,3545.0,Broadway,Manhattan Community Board 9,Manhattan,10115
156,3520.0,Adam Clayton Powell Jr. Boulevard,Manhattan Community Board 10,Manhattan,10026
222,3509.0,Malcolm X Boulevard,Manhattan Community Board 10,Manhattan,10026
593,3511.0,Adam Clayton Powell Jr. Boulevard,Manhattan Community Board 10,Manhattan,10026
1151,3534.0,West 116th Street,Manhattan Community Board 10,Manhattan,10026
1207,3553.0,Frederick Douglass Boulevard,Manhattan Community Board 10,Manhattan,10026
88,3629.0,Adam Clayton Powell Jr. Boulevard,Manhattan Community Board 10,Manhattan,10027
664,3510.0,West 123rd Street,Manhattan Community Board 10,Manhattan,10027
987,3508.0,Saint Nicholas Avenue,Manhattan Community Board 10,Manhattan,10027
1136,3529.0,Malcolm X Boulevard,Manhattan Community Board 10,Manhattan,10027
797,3946.0,Edgecombe Avenue,Manhattan Community Board 10,Manhattan,10030
1064,3521.0,Malcolm X Boulevard,Manhattan Community Board 10,Manhattan,10037
1128,3518.0,Malcolm X Boulevard,Manhattan Community Board 10,Manhattan,10037
253,3533.0,Saint Nicholas Avenue,Manhattan Community Board 10,Manhattan,10040
790,3535.0,Mt Morris Park West,Manhattan Community Board 11,Manhattan,10027
1321,4112.0,Wards Meadow Loop,Manhattan Community Board 11,Manhattan,10035
1412,4114.0,Central Road,Manhattan Community Board 11,Manhattan,10035
417,4115.0,Bronx Shore Road,Manhattan Community Board 11,Manhattan,10454-4606
868,4113.0,Randalls Island Greenway,Manhattan Community Board 11,Manhattan,10454-4606
837,4328.0,West 168th Street,Manhattan Community Board 12,Manhattan,10031
157,4059.0,West 171st Street,Manhattan Community Board 12,Manhattan,10032
351,4052.0,Saint Nicholas Avenue,Manhattan Community Board 12,Manhattan,10032
352,4047.0,Amsterdam Avenue,Manhattan Community Board 12,Manhattan,10032
388,4188.0,West 155th Street,Manhattan Community Board 12,Manhattan,10032
394,4048.0,West 157th Street,Manhattan Community Board 12,Manhattan,10032
395,4056.0,Broadway,Manhattan Community Board 12,Manhattan,10032
396,4057.0,West 167th Street,Manhattan Community Board 12,Manhattan,10032
598,3992.0,West 169th Street,Manhattan Community Board 12,Manhattan,10032
845,4061.0,Fort Washington Avenue,Manhattan Community Board 12,Manhattan,10032
851,4060.0,Amsterdam Avenue,Manhattan Community Board 12,Manhattan,10032
882,4050.0,West 159th Street,Manhattan Community Board 12,Manhattan,10032
1307,4071.0,West 160th Street,Manhattan Community Board 12,Manhattan,10032
1340,4051.0,West 160th Street,Manhattan Community Board 12,Manhattan,10032
1367,4054.0,West 163rd Street,Manhattan Community Board 12,Manhattan,10032
1371,4074.0,Edgecombe Avenue,Manhattan Community Board 12,Manhattan,10032
1393,4055.0,Fort Washington Avenue,Manhattan Community Board 12,Manhattan,10032
1410,4053.0,West 163rd Street,Manhattan Community Board 12,Manhattan,10032
360,4068.0,West 183rd Street,Manhattan Community Board 12,Manhattan,10033
413,4069.0,Cabrini Boulevard,Manhattan Community Board 12,Manhattan,10033
1320,4063.0,Wadsworth Avenue,Manhattan Community Board 12,Manhattan,10033
1352,4070.0,West 180th Street,Manhattan Community Board 12,Manhattan,10033
1396,4062.0,Amsterdam Avenue,Manhattan Community Board 12,Manhattan,10033
638,3298.0,Court Street,Cobble Hill Historic District,Brooklyn,11201
732,3408.0,Congress Street,Cobble Hill Historic District,Brooklyn,11201
1078,3402.0,Pacific Street,Cobble Hill Historic District,Brooklyn,11201
1041,3329.0,Degraw Street,Cobble Hill Historic District,Brooklyn,11217
523,3315.0,Henry Street,Cobble Hill Historic District,Brooklyn,11231
597,3308.0,Kane Street,Cobble Hill Historic District,Brooklyn,11231
743,3321.0,Clinton Street,Cobble Hill Historic District,Brooklyn,11231
1204,3396.0,Clinton Street,Cobble Hill Historic District,Brooklyn,11231
327,3803.0,Rogers Avenue,Brooklyn Community District 17,Brooklyn,11225
763,3604.0,Rogers Avenue,Brooklyn Community District 17,Brooklyn,11225
858,3631.0,Rogers Avenue,Brooklyn Community District 17,Brooklyn,11225
193,398.0,Columbia Street Greenway,Columbia Street Waterfront District,Brooklyn,11231
261,3311.0,Columbia Street Greenway,Columbia Street Waterfront District,Brooklyn,11231
712,3389.0,Columbia Street,Columbia Street Waterfront District,Brooklyn,11231
713,3422.0,Columbia Street Greenway,Columbia Street Waterfront District,Brooklyn,11231
1202,3392.0,Bowne Street,Columbia Street Waterfront District,Brooklyn,11231